Item No,Tag No,Service,Location,Line Number,P&ID,Instrument Type,Reference Drawing,IO Type,Manufacturer,Model No,Set Value,Range,Calibration Range,Unit,Rev,Remarks,Source Category,Area,Normalized Tag,Derived Equipment Code,Suggested Parameter,Engineering Category
1,LIT120BN01A,ROM Bin Level Sensor,Field,,1001-120-PRO-DWG-JIP-100(1/2),"Level Transmitter, Radar",1001-000-ICS-DWG-JIP-025(9/24),AI,Siemens/E+H,VTA,TBD,VTA,0~9300,mm,1.0,,INSTRUMENT LIST,120,LIT120BN01A,120-BN-01,Level,Condition / Measurement
2,XI120BN01A,ROM Bin Traffic Light,Field,,1001-120-PRO-DWG-JIP-100(1/2),Traffic Light,,DO,TBD,VTA,,,,,1.0,,INSTRUMENT LIST,120,XI120BN01A,120-BN-01,,Indication / Alarm
3,XI120BN01B,Rom Bin Traffic Light,Field,,1001-120-PRO-DWG-JIP-100(1/2),Traffic Light,,DO,TBD,VTA,,,,,1.0,,INSTRUMENT LIST,120,XI120BN01B,120-BN-01,,Indication / Alarm
4,HS120AF01A,Apron Feeder (120-AF-01)Pullwire Switch-Left,Field,,1001-120-PRO-DWG-JIP-100(1/2),Pullwire Switch,1001-000-ICS-DWG-JIP-025(14/24),DI,TEAM WORK IN CHINA,VTA,,,,,1.0,,INSTRUMENT LIST,120,HS120AF01A,120-AF-01,,Protection / Interlock
5,HS120AF01B,Apron Feeder  (120-AF-01)Pullwire Switch-Right,Field,,1001-120-PRO-DWG-JIP-100(1/2),Pullwire Switch,1001-000-ICS-DWG-JIP-025(14/24),DI,TEAM WORK IN CHINA,VTA,,,,,1.0,,INSTRUMENT LIST,120,HS120AF01B,120-AF-01,,Protection / Interlock
6,SSL120AF01,Apron Feeder  (120-AF-01)Underspeed Sensor,Field,,1001-120-PRO-DWG-JIP-100(1/2),Underspeed Switch,1001-000-ICS-DWG-JIP-025(13/24),DI,TEAM WORK IN CHINA,VTA,TBD,1-9999,1-9999,r/min,1.0,,INSTRUMENT LIST,120,SSL120AF01,120-AF-01,Speed,Protection / Interlock
7,XA120AF01,Apron Feeder (120-AF-01) Startup Warning Siren/Beacon,Field,,1001-120-PRO-DWG-JIP-100(1/2),Siren/Beacon,,DO,TBD,VTA,,,,,1.0,,INSTRUMENT LIST,120,XA120AF01,120-AF-01,,Indication / Alarm
8,LSH120CH01,Apron Feeder  (120-AF-01)Blocked Chute Switch,Field,,1001-120-PRO-DWG-JIP-100(1/2),Blocked Chute Switch,,DI,TEAM WORK IN CHINA,VTA,,,,,1.0,,INSTRUMENT LIST,120,LSH120CH01,120-AF-01,,Protection / Interlock
9,IAH120CS01,Crusher (120-CS-01) Current Transmitter,Field,,1001-120-PRO-DWG-JIP-100(1/2),,Electrical Diagram of MCC,AI,,,TBD,VTA,VTA,A,1.0,Soft start output,INSTRUMENT LIST,120,IAH120CS01,120-CS-01,Current,Condition / Measurement
10,HS120CV01A,Conveyor Belt(120-CV-01)Pullwire Switch-Left,Field,,1001-120-PRO-DWG-JIP-100(1/2),Pullwire Switch,1001-000-ICS-DWG-JIP-025(14/24),DI,Vendor To Advise,VTA,,,,,1.0,Vendor supply,INSTRUMENT LIST,120,HS120CV01A,120-CV-01,,Protection / Interlock
11,HS120CV01B,Conveyor Belt(120-CV-01)Pullwire Switch-Right,Field,,1001-120-PRO-DWG-JIP-100(1/2),Pullwire Switch,1001-000-ICS-DWG-JIP-025(14/24),DI,Vendor To Advise,VTA,,,,,1.0,Vendor supply,INSTRUMENT LIST,120,HS120CV01B,120-CV-01,,Protection / Interlock
12,SSL120CV01,Conveyor Belt(120-CV-01)Underspeed Sensor,Field,,1001-120-PRO-DWG-JIP-100(1/2),Underspeed Switch,1001-000-ICS-DWG-JIP-025(13/24),DI,Vendor To Advise,VTA,TBD,VTA,VTA,r/min,1.0,Vendor supply,INSTRUMENT LIST,120,SSL120CV01,120-CV-01,Speed,Protection / Interlock
13,XA120CV01,Conveyor Belt(120-CV-01) Startup Warning Siren/Beacon,Field,,1001-120-PRO-DWG-JIP-100(1/2),Siren/Beacon,,DO,TBD,VTA,,,,,1.0,,INSTRUMENT LIST,120,XA120CV01,120-CV-01,,Indication / Alarm
14,LSH120CH04,Conveyor B elt (120-CV-01)Blocked Chute Switch,Field,,1001-120-PRO-DWG-JIP-100(1/2),Blocked Chute Switch,,DI,Vendor To Advise,VTA,,,,,1.0,Vendor supply,INSTRUMENT LIST,120,LSH120CH04,120-CV-01,,Protection / Interlock
15,ZS120CV01AA,Conveyor Belt(120-CV-01)Drift Switch-Tail Left,Field,,1001-120-PRO-DWG-JIP-100(1/2),Drift Switch,1001-000-ICS-DWG-JIP-025(11/24),DI,Vendor To Advise,VTA,,,,,1.0,Vendor supply,INSTRUMENT LIST,120,ZS120CV01AA,120-CV-01,,Protection / Interlock
16,ZS120CV01AB,Conveyor Belt(120-CV-01)Drift Switch-Tail Right,Field,,1001-120-PRO-DWG-JIP-100(1/2),Drift Switch,1001-000-ICS-DWG-JIP-025(11/24),DI,Vendor To Advise,VTA,,,,,1.0,Vendor supply,INSTRUMENT LIST,120,ZS120CV01AB,120-CV-01,,Protection / Interlock
17,ZS120CV01BA,Conveyor Belt(120-CV-01)Drift Switch-Head Left,Field,,1001-120-PRO-DWG-JIP-100(1/2),Drift Switch,1001-000-ICS-DWG-JIP-025(11/24),DI,Vendor To Advise,VTA,,,,,1.0,Vendor supply,INSTRUMENT LIST,120,ZS120CV01BA,120-CV-01,,Protection / Interlock
18,ZS120CV01BB,Conveyor Belt(120-CV-01)Drift Switch-Head Right,Field,,1001-120-PRO-DWG-JIP-100(1/2),Drift Switch,1001-000-ICS-DWG-JIP-025(11/24),DI,Vendor To Advise,VTA,,,,,1.0,Vendor supply,INSTRUMENT LIST,120,ZS120CV01BB,120-CV-01,,Protection / Interlock
19,ZS120CV01CA,Conveyor Belt(120-CV-01) take-up limit upper,Field,,1001-120-PRO-DWG-JIP-100(1/2),Take-up Switch,,DI,Vendor To Advise,VTA,,,,,1.0,Vendor supply,INSTRUMENT LIST,120,ZS120CV01CA,120-CV-01,,Protection / Interlock
20,ZS120CV01CB,Conveyor Belt(120-CV-01) take-up limit lower,Field,,1001-120-PRO-DWG-JIP-100(1/2),Take-up Switch,,DI,Vendor To Advise,VTA,,,,,1.0,Vendor supply,INSTRUMENT LIST,120,ZS120CV01CB,120-CV-01,,Protection / Interlock
21,ZS120CV01,Conveyor Belt(120-CV-01) Belt rip Switch,Field,,1001-120-PRO-DWG-JIP-100(1/2),Belt Rip Switch,1001-000-ICS-DWG-JIP-025(12/24),DI,Vendor To Advise,VTA,,,,,1.0,Vendor supply,INSTRUMENT LIST,120,ZS120CV01,120-CV-01,,Protection / Interlock
22,AH120MD01,Metal Detector (120-MD-01) on the Conveyor Belt(120-CV-01),Field,,1001-120-PRO-DWG-JIP-100(1/2),Metal Detector,Belong to Machine,DI,VTA,VTA,,,,,1.0,Machine Supply,INSTRUMENT LIST,120,AH120MD01,120-MD-01,,Condition / Measurement
23,WIT120WT01,Weightometer on the Conveyor Belt(120-CV-01),Field,,1001-120-PRO-DWG-JIP-100(1/2),Weightometer,,AI,,,TBD,VTA,VTA,t/h,1.0,Process Supply,INSTRUMENT LIST,120,WIT120WT01,120-CV-01,,Condition / Measurement
24,LS120PP01,Sump(120-PP-01) Level Swith,Field,,1001-120-PRO-DWG-JIP-100(1/2),Float Switch,1001-000-ICS-DWG-JIP-025(15/24),,TBD,VTA,,,,,1.0,,INSTRUMENT LIST,120,LS120PP01,120-PP-01,,Protection / Interlock
25,LSH120DVC01A,Diverter Chute(120-DVC-01)Blocked Chute Switch,Field,,1001-120-PRO-DWG-JIP-100(2/2),Blocked Chute Switch,,DI,TEAM WORK IN CHINA,VTA,,,,,1.0,,INSTRUMENT LIST,120,LSH120DVC01A,120-DVC-01,,Protection / Interlock
26,LSH120DVC01B,Diverter Chute(120-DVC-01)Blocked Chute Switch,Field,,1001-120-PRO-DWG-JIP-100(2/2),Blocked Chute Switch,,DI,TEAM WORK IN CHINA,VTA,,,,,1.0,,INSTRUMENT LIST,120,LSH120DVC01B,120-DVC-01,,Protection / Interlock
27,HS120CV03A,Conveyor Belt(120-CV-03)Pullwire Switch-Left,Field,,1001-120-PRO-DWG-JIP-100(2/2),Pullwire Switch,1001-000-ICS-DWG-JIP-025(14/24),DI,Vendor To Advise,VTA,,,,,1.0,Vendor supply,INSTRUMENT LIST,120,HS120CV03A,120-CV-03,,Protection / Interlock
28,HS120CV03B,Conveyor Belt(120-CV-03)Pullwire Switch-Right,Field,,1001-120-PRO-DWG-JIP-100(2/2),Pullwire Switch,1001-000-ICS-DWG-JIP-025(14/24),DI,Vendor To Advise,VTA,,,,,1.0,Vendor supply,INSTRUMENT LIST,120,HS120CV03B,120-CV-03,,Protection / Interlock
29,SSL120CV03,Conveyor Belt(120-CV-03)Underspeed Sensor,Field,,1001-120-PRO-DWG-JIP-100(2/2),Underspeed Switch,1001-000-ICS-DWG-JIP-025(13/24),DI,Vendor To Advise,VTA,TBD,VTA,VTA,r/min,1.0,Vendor supply,INSTRUMENT LIST,120,SSL120CV03,120-CV-03,Speed,Protection / Interlock
30,XA120CV03,Conveyor Belt(120-CV-03) Startup Warning Siren/Beacon,Field,,1001-120-PRO-DWG-JIP-100(2/2),Siren/Beacon,,DO,TBD,VTA,,,,,1.0,,INSTRUMENT LIST,120,XA120CV03,120-CV-03,,Indication / Alarm
31,LSH120CH05,Conveyor B elt (120-CV-03)Blocked Chute Switch,Field,,1001-120-PRO-DWG-JIP-100(2/2),Blocked Chute Switch,,DI,Vendor To Advise,VTA,,,,,1.0,Vendor supply,INSTRUMENT LIST,120,LSH120CH05,120-CV-03,,Protection / Interlock
32,ZS120CV03AA,Conveyor Belt(120-CV-03)Drift Switch-Tail Left,Field,,1001-120-PRO-DWG-JIP-100(2/2),Drift Switch,1001-000-ICS-DWG-JIP-025(11/24),DI,Vendor To Advise,VTA,,,,,1.0,Vendor supply,INSTRUMENT LIST,120,ZS120CV03AA,120-CV-03,,Protection / Interlock
33,ZS120CV03AB,Conveyor Belt(120-CV-03)Drift Switch-Tail Right,Field,,1001-120-PRO-DWG-JIP-100(2/2),Drift Switch,1001-000-ICS-DWG-JIP-025(11/24),DI,Vendor To Advise,VTA,,,,,1.0,Vendor supply,INSTRUMENT LIST,120,ZS120CV03AB,120-CV-03,,Protection / Interlock
34,ZS120CV03BA,Conveyor Belt(120-CV-03)Drift Switch-Head Left,Field,,1001-120-PRO-DWG-JIP-100(2/2),Drift Switch,1001-000-ICS-DWG-JIP-025(11/24),DI,Vendor To Advise,VTA,,,,,1.0,Vendor supply,INSTRUMENT LIST,120,ZS120CV03BA,120-CV-03,,Protection / Interlock
35,ZS120CV03BB,Conveyor Belt(120-CV-03)Drift Switch-Head Right,Field,,1001-120-PRO-DWG-JIP-100(2/2),Drift Switch,1001-000-ICS-DWG-JIP-025(11/24),DI,Vendor To Advise,VTA,,,,,1.0,Vendor supply,INSTRUMENT LIST,120,ZS120CV03BB,120-CV-03,,Protection / Interlock
36,ZS120CV03CA,Conveyor Belt(120-CV-03) take-up limit upper,Field,,1001-120-PRO-DWG-JIP-100(2/2),Drift Switch,1001-000-ICS-DWG-JIP-025(11/24),DI,Vendor To Advise,VTA,,,,,1.0,Vendor supply,INSTRUMENT LIST,120,ZS120CV03CA,120-CV-03,,Protection / Interlock
37,ZS120CV03CB,Conveyor Belt(120-CV-03) take-up limit lower,Field,,1001-120-PRO-DWG-JIP-100(2/2),Drift Switch,1001-000-ICS-DWG-JIP-025(11/24),DI,Vendor To Advise,VTA,,,,,1.0,Vendor supply,INSTRUMENT LIST,120,ZS120CV03CB,120-CV-03,,Protection / Interlock
38,ZS120CV03,Conveyor Belt(120-CV-03)Belt Rip Switch,Field,,1001-120-PRO-DWG-JIP-100(2/2),Belt Rip Switch,1001-000-ICS-DWG-JIP-025(12/24),DI,Vendor To Advise,VTA,,,,,1.0,Vendor supply,INSTRUMENT LIST,120,ZS120CV03,120-CV-03,,Protection / Interlock
39,HS120CV02A,Conveyor Belt(120-CV-02)Pullwire Switch-Left,Field,,1001-120-PRO-DWG-JIP-100(2/2),Pullwire Switch,1001-000-ICS-DWG-JIP-025(14/24),DI,Vendor To Advise,VTA,,,,,1.0,Vendor supply,INSTRUMENT LIST,120,HS120CV02A,120-CV-02,,Protection / Interlock
40,HS120CV02B,Conveyor Belt(120-CV-02)Pullwire Switch-Right,Field,,1001-120-PRO-DWG-JIP-100(2/2),Pullwire Switch,1001-000-ICS-DWG-JIP-025(14/24),DI,Vendor To Advise,VTA,,,,,1.0,Vendor supply,INSTRUMENT LIST,120,HS120CV02B,120-CV-02,,Protection / Interlock
41,SSL120CV02,Conveyor Belt(120-CV-02)Underspeed Sensor,Field,,1001-120-PRO-DWG-JIP-100(2/2),Underspeed Switch,1001-000-ICS-DWG-JIP-025(13/24),DI,Vendor To Advise,VTA,TBD,VTA,VTA,r/min,1.0,Vendor supply,INSTRUMENT LIST,120,SSL120CV02,120-CV-02,Speed,Protection / Interlock
42,XA120CV02,Conveyor Belt(120-CV-02) Startup Warning Siren/Beacon,Field,,1001-120-PRO-DWG-JIP-100(2/2),Siren/Beacon,,DO,TBD,VTA,,,,,1.0,,INSTRUMENT LIST,120,XA120CV02,120-CV-02,,Indication / Alarm
43,LSH130CH01,Conveyor B elt (120-CV-02)Blocked Chute Switch,Field,,1001-120-PRO-DWG-JIP-100(2/2),Blocked Chute Switch,,DI,Vendor To Advise,VTA,,,,,1.0,Vendor supply,INSTRUMENT LIST,120,LSH130CH01,120-CV-02,,Protection / Interlock
44,ZS120CV02AA,Conveyor Belt(120-CV-02)Drift Switch-Tail Left,Field,,1001-120-PRO-DWG-JIP-100(2/2),Drift Switch,1001-000-ICS-DWG-JIP-025(11/24),DI,Vendor To Advise,VTA,,,,,1.0,Vendor supply,INSTRUMENT LIST,120,ZS120CV02AA,120-CV-02,,Protection / Interlock
45,ZS120CV02AB,Conveyor Belt(120-CV-02)Drift Switch-Tail Right,Field,,1001-120-PRO-DWG-JIP-100(2/2),Drift Switch,1001-000-ICS-DWG-JIP-025(11/24),DI,Vendor To Advise,VTA,,,,,1.0,Vendor supply,INSTRUMENT LIST,120,ZS120CV02AB,120-CV-02,,Protection / Interlock
46,ZS120CV02BA,Conveyor Belt(120-CV-02)Drift Switch-Head Left,Field,,1001-120-PRO-DWG-JIP-100(2/2),Drift Switch,1001-000-ICS-DWG-JIP-025(11/24),DI,Vendor To Advise,VTA,,,,,1.0,Vendor supply,INSTRUMENT LIST,120,ZS120CV02BA,120-CV-02,,Protection / Interlock
47,ZS120CV02BB,Conveyor Belt(120-CV-02)Drift Switch-Head Right,Field,,1001-120-PRO-DWG-JIP-100(2/2),Drift Switch,1001-000-ICS-DWG-JIP-025(11/24),DI,Vendor To Advise,VTA,,,,,1.0,Vendor supply,INSTRUMENT LIST,120,ZS120CV02BB,120-CV-02,,Protection / Interlock
48,ZS120CV02CA,Conveyor Belt(120-CV-02) take-up limit upper,Field,,1001-120-PRO-DWG-JIP-100(2/2),Drift Switch,1001-000-ICS-DWG-JIP-025(11/24),DI,Vendor To Advise,VTA,,,,,1.0,Vendor supply,INSTRUMENT LIST,120,ZS120CV02CA,120-CV-02,,Protection / Interlock
49,ZS120CV02CB,Conveyor Belt(120-CV-02) take-up limit lower,Field,,1001-120-PRO-DWG-JIP-100(2/2),Drift Switch,1001-000-ICS-DWG-JIP-025(11/24),DI,Vendor To Advise,VTA,,,,,1.0,Vendor supply,INSTRUMENT LIST,120,ZS120CV02CB,120-CV-02,,Protection / Interlock
50,ZS120CV02,Conveyor Belt(120-CV-02)Belt Rip,Field,,1001-120-PRO-DWG-JIP-100(2/2),Belt Rip Switch,1001-000-ICS-DWG-JIP-025(12/24),DI,Vendor To Advise,VTA,,,,,1.0,Vendor supply,INSTRUMENT LIST,120,ZS120CV02,120-CV-02,,Protection / Interlock
51,AH120MD02,Metal Detector (120-MD-02) on the Conveyor Belt(120-CV-02),Field,,1001-120-PRO-DWG-JIP-100(1/2),Metal Detector,Belong to Machine,DI,VTA,VTA,,,,,1.0,Machine Supply,INSTRUMENT LIST,120,AH120MD02,120-MD-02,,Condition / Measurement
52,WIT120WT02,Weightometer on the Conveyor Belt(120-CV-02),Field,,1001-120-PRO-DWG-JIP-100(1/2),Weightometer,,AI,,,TBD,VTA,VTA,t/h,1.0,Process Supply,INSTRUMENT LIST,120,WIT120WT02,120-CV-02,,Condition / Measurement
53,HS120BF01A,Belt Feeder(120-BF-02)Pullwire Switch-Left,Field,,1001-120-PRO-DWG-JIP-100(2/2),Pullwire Switch,1001-000-ICS-DWG-JIP-025(14/24),DI,TEAM WORK IN CHINA,VTA,,,,,1.0,,INSTRUMENT LIST,120,HS120BF01A,120-BF-02,,Protection / Interlock
54,HS120BF01B,Belt Feeder(120-BF-02)Pullwire Switch-Right,Field,,1001-120-PRO-DWG-JIP-100(2/2),Pullwire Switch,1001-000-ICS-DWG-JIP-025(14/24),DI,TEAM WORK IN CHINA,VTA,,,,,1.0,,INSTRUMENT LIST,120,HS120BF01B,120-BF-02,,Protection / Interlock
55,SSL120BF01,Belt Feeder(120-BF-02)Underspeed Sensor,Field,,1001-120-PRO-DWG-JIP-100(2/2),Underspeed Switch,1001-000-ICS-DWG-JIP-025(13/24),DI,TEAM WORK IN CHINA,VTA,TBD,1-9999,1-9999,r/min,1.0,,INSTRUMENT LIST,120,SSL120BF01,120-BF-02,Speed,Protection / Interlock
56,XA120BF01,Belt Feeder(120-BF-02) Startup Warning Siren/Beacon,Field,,1001-120-PRO-DWG-JIP-100(2/2),Siren/Beacon,,DO,TBD,VTA,,,,,1.0,,INSTRUMENT LIST,120,XA120BF01,120-BF-02,,Indication / Alarm
57,LSH120CH06,Belt Feeder(120-BF-02)Blocked Chute Switch,Field,,1001-120-PRO-DWG-JIP-100(2/2),Blocked Chute Switch,,DI,TEAM WORK IN CHINA,VTA,,,,,1.0,,INSTRUMENT LIST,120,LSH120CH06,120-BF-02,,Protection / Interlock
58,ZS120BF01AA,Belt Feeder(120-BF-02)Drift Switch-Tail Left,Field,,1001-120-PRO-DWG-JIP-100(2/2),Drift Switch,1001-000-ICS-DWG-JIP-025(11/24),DI,TEAM WORK IN CHINA,VTA,,,,,1.0,,INSTRUMENT LIST,120,ZS120BF01AA,120-BF-02,,Protection / Interlock
59,ZS120BF01AB,Belt Feeder(120-BF-02)Drift Switch-Tail Right,Field,,1001-120-PRO-DWG-JIP-100(2/2),Drift Switch,1001-000-ICS-DWG-JIP-025(11/24),DI,TEAM WORK IN CHINA,VTA,,,,,1.0,,INSTRUMENT LIST,120,ZS120BF01AB,120-BF-02,,Protection / Interlock
60,ZS120BF01BA,Belt Feeder(120-BF-02)Drift Switch-Head Left,Field,,1001-120-PRO-DWG-JIP-100(2/2),Drift Switch,1001-000-ICS-DWG-JIP-025(11/24),DI,TEAM WORK IN CHINA,VTA,,,,,1.0,,INSTRUMENT LIST,120,ZS120BF01BA,120-BF-02,,Protection / Interlock
61,ZS120BF01BB,Belt Feeder(120-BF-02)Drift Switch-Head Right,Field,,1001-120-PRO-DWG-JIP-100(2/2),Drift Switch,1001-000-ICS-DWG-JIP-025(11/24),DI,TEAM WORK IN CHINA,VTA,,,,,1.0,,INSTRUMENT LIST,120,ZS120BF01BB,120-BF-02,,Protection / Interlock
62,SV120CH01,Primary Crusher Feed Chute (120-CH-01) Water Control Solenoid Valve,Field,120-002-WFL-SG1-40,1001-120-PRO-DWG-JIP-100(1/2),Solenoid Valve,,DO,Norgren,VTA,,,,,1.0,,INSTRUMENT LIST,120,SV120CH01,120-CH-01,,Control Element
63,SV120CH04,Diverter Gate Feed Chute (120-CH-04) Water Control Solenoid Valve,Field,120-004-WFL-SG1-25,1001-120-PRO-DWG-JIP-100(1/2),Solenoid Valve,,DO,Norgren,VTA,,,,,1.0,,INSTRUMENT LIST,120,SV120CH04,120-CH-04,,Control Element
64,SV120CH05,Emergency Stockpile Feed Chute (120-CH-05) Water Control Solenoid Valve,Field,120-005-WFL-SG1-25,1001-120-PRO-DWG-JIP-100(2/2),Solenoid Valve,,DO,Norgren,VTA,,,,,1.0,,INSTRUMENT LIST,120,SV120CH05,120-CH-05,,Control Element
65,SV130CH01,SAG Mill Feed Chute (130-CH-01) Water Control Solenoid Valve,Field,120-006-WFL-SG1-25,1001-120-PRO-DWG-JIP-100(2/2),Solenoid Valve,,DO,Norgren,VTA,,,,,1.0,,INSTRUMENT LIST,120,SV130CH01,130-CH-01,,Control Element
66,LS120PP02,Sump(120-PP-02) Level Swith,Field,,1001-120-PRO-DWG-JIP-100(2/2),Float Switch,1001-000-ICS-DWG-JIP-025(15/24),,TBD,VTA,,,,,1.0,,INSTRUMENT LIST,120,LS120PP02,120-PP-02,,Protection / Interlock
67,FV130ML01A,Control Vavle for Process Water to Hopper In Front of Ball Mill,Field,131-001-WPR-SC1-100,1001-131-PRO-DWG-JIP-100,Control Valve,1001-000-ICS-DWG-JIP-025(3/24),AO,VATTEN,VTA,,0~100%,0~100%,%,1.0,,INSTRUMENT LIST,130,FV130ML01A,130-ML-01,,Control Element
68,FIT130ML01A,Flow meter for Process Water to Hopper In Front of Ball Mill,Field,131-001-WPR-SC1-100,1001-131-PRO-DWG-JIP-100,"Flowmeter, Electromagnetic",1001-000-ICS-DWG-JIP-025(7/24),AI,Guanghua in China,VTA,TBD,VTA,0~43.4,m³/h,1.0,,INSTRUMENT LIST,130,FIT130ML01A,130-ML-01,Flow,Condition / Measurement
69,FV130ML01B,Control Vavle for Lime to Hopper In Front of Ball Mill,Field,131-001-RHL-SC1-25,1001-131-PRO-DWG-JIP-100,Pinch Valve,1001-000-ICS-DWG-JIP-025(3/24),AO,NaiDe in China,VTA,,0~100%,0~100%,%,1.0,,INSTRUMENT LIST,130,FV130ML01B,130-ML-01,,Condition / Measurement
70,HS130CV01A,Belt Feeder(130-CV-01)Pullwire Switch-Left,Field,,1001-131-PRO-DWG-JIP-100,Pullwire Switch,1001-000-ICS-DWG-JIP-025(14/24),DI,Vendor To Advise,VTA,,,,,1.0,Vendor supply,INSTRUMENT LIST,130,HS130CV01A,130-CV-01,,Protection / Interlock
71,HS130CV01B,Belt Feeder(130-CV-01)Pullwire Switch-Right,Field,,1001-131-PRO-DWG-JIP-100,Pullwire Switch,1001-000-ICS-DWG-JIP-025(14/24),DI,Vendor To Advise,VTA,,,,,1.0,Vendor supply,INSTRUMENT LIST,130,HS130CV01B,130-CV-01,,Protection / Interlock
72,SSL130CV01,Belt Feeder(130-CV-01)Underspeed Sensor,Field,,1001-131-PRO-DWG-JIP-100,Underspeed Switch,1001-000-ICS-DWG-JIP-025(13/24),DI,Vendor To Advise,VTA,TBD,VTA,VTA,r/min,1.0,Vendor supply,INSTRUMENT LIST,130,SSL130CV01,130-CV-01,Speed,Protection / Interlock
73,XA130CV01,Belt Feeder(130-CV-01) Startup Warning Siren/Beacon,Field,,1001-131-PRO-DWG-JIP-100,Siren/Beacon,,DO,TBD,VTA,,,,,1.0,,INSTRUMENT LIST,130,XA130CV01,130-CV-01,,Indication / Alarm
74,ZS130CV01,Conveyor Belt(130-CV-01)Belt Rip,Field,,1001-131-PRO-DWG-JIP-100,Belt Rip Switch,1001-000-ICS-DWG-JIP-025(12/24),DI,Vendor To Advise,VTA,,,,,1.0,Vendor supply,INSTRUMENT LIST,130,ZS130CV01,130-CV-01,,Protection / Interlock
75,LSH130CH02,Belt Feeder(130-CV-01)Blocked Chute Switch,Field,,1001-131-PRO-DWG-JIP-100,Blocked Chute Switch,,DI,Vendor To Advise,VTA,,,,,1.0,Vendor supply,INSTRUMENT LIST,130,LSH130CH02,130-CV-01,,Protection / Interlock
76,ZS130CV01AA,Belt Feeder(130-CV-01)Drift Switch-Tail Left,Field,,1001-131-PRO-DWG-JIP-100,Drift Switch,1001-000-ICS-DWG-JIP-025(11/24),DI,Vendor To Advise,VTA,,,,,1.0,Vendor supply,INSTRUMENT LIST,130,ZS130CV01AA,130-CV-01,,Protection / Interlock
77,ZS130CV01AB,Belt Feeder(130-CV-01)Drift Switch-Tail Right,Field,,1001-131-PRO-DWG-JIP-100,Drift Switch,1001-000-ICS-DWG-JIP-025(11/24),DI,Vendor To Advise,VTA,,,,,1.0,Vendor supply,INSTRUMENT LIST,130,ZS130CV01AB,130-CV-01,,Protection / Interlock
78,ZS130CV01BA,Belt Feeder(130-CV-01)Drift Switch-Head Left,Field,,1001-131-PRO-DWG-JIP-100,Drift Switch,1001-000-ICS-DWG-JIP-025(11/24),DI,Vendor To Advise,VTA,,,,,1.0,Vendor supply,INSTRUMENT LIST,130,ZS130CV01BA,130-CV-01,,Protection / Interlock
79,ZS130CV01BB,Belt Feeder(130-CV-01)Drift Switch-Head Right,Field,,1001-131-PRO-DWG-JIP-100,Drift Switch,1001-000-ICS-DWG-JIP-025(11/24),DI,Vendor To Advise,VTA,,,,,1.0,Vendor supply,INSTRUMENT LIST,130,ZS130CV01BB,130-CV-01,,Protection / Interlock
80,WIT130WT01,Weightometer on the Conveyor Belt(130-CV-01),Field,,1001-120-PRO-DWG-JIP-100(1/2),Weightometer,,AI,,,TBD,VTA,VTA,t/h,1.0,Process Supply,INSTRUMENT LIST,120,WIT130WT01,130-CV-01,,Condition / Measurement
81,LS130PP01,Sump(130-PP-01) Level Swith,Field,,1001-131-PRO-DWG-JIP-100,Float Switch,1001-000-ICS-DWG-JIP-025(15/24),,TBD,VTA,,,,,1.0,,INSTRUMENT LIST,130,LS130PP01,130-PP-01,,Protection / Interlock
82,XA130ML01,Ball Mill(130-ML-01) Fault Warning Siren/Beacon,Field,,1001-131-PRO-DWG-JIP-100,Siren/Beacon,,DO,TBD,VTA,,,,,1.0,,INSTRUMENT LIST,130,XA130ML01,130-ML-01,,Indication / Alarm
83,FV130ML02A,Process Water to Ball mill 130-ML-02 Control Valve,Field,133-002-WPR-SC1-100,1001-133-PRO-DWG-JIP-100(1/2),Control Valve,1001-000-ICS-DWG-JIP-025(3/24),AO,VATTEN,VTA,,0~100%,0~100%,%,1.0,,INSTRUMENT LIST,130,FV130ML02A,130-ML-02,,Control Element
84,FIT130ML02A,Process Water to Ball mill 130-ML-02 Flow meter,Field,133-002-WPR-SC1-100,1001-133-PRO-DWG-JIP-100(1/2),"Flowmeter, Electromagnetic",1001-000-ICS-DWG-JIP-025(7/24),AI,Guanghua in China,VTA,TBD,VTA,0~12,m³/h,1.0,,INSTRUMENT LIST,130,FIT130ML02A,130-ML-02,Flow,Condition / Measurement
85,XA130ML02,Ball mill 130-ML-02 Alarm,Field,,1001-133-PRO-DWG-JIP-100(1/2),Siren/Beacon,,DO,TBD,VTA,,,,,1.0,,INSTRUMENT LIST,130,XA130ML02,130-ML-02,,Indication / Alarm
86,LIT130SU01,Mill Sump Hopper 130-SU-01 Level meter,Field,,1001-133-PRO-DWG-JIP-100(2/2),"Level Transmitter, Ultrasonic",1001-000-ICS-DWG-JIP-025(8/31),AI,Siemens/E+H,VTA,TBD,VTA,0~2900,mm,1.0,,INSTRUMENT LIST,130,LIT130SU01,130-SU-01,Level,Condition / Measurement
87,FV130SU01,Make up Water to Mill Sump Hopper 130-SU-01  Control Valve,Field,133-005-WPR-SC1-100,1001-133-PRO-DWG-JIP-100(2/2),Control Valve,1001-000-ICS-DWG-JIP-025(3/24),AO,VATTEN,VTA,,0~100%,0~100%,%,1.0,,INSTRUMENT LIST,130,FV130SU01,130-SU-01,,Control Element
88,AIT130SU01(PH),Mill Sump Hopper 130-SU-01 pH meter,Field,,1001-133-PRO-DWG-JIP-100(2/2),pH Transmitter,1001-000-ICS-DWG-JIP-025(20/24),AI,E+H,VTA,TBD,VTA,0-14,,1.0,,INSTRUMENT LIST,130,AIT130SU01(PH),130-SU-01,pH,Condition / Measurement
89,XV130PP03A,Mill Sump Hopper 130-SU-01 Discharge On/Off Valve,Field,133-014-SPB-SC1-400,1001-133-PRO-DWG-JIP-100(2/2),On/Off Valve,1001-000-ICS-DWG-JIP-025(4/24),DO,ShangPinKeJi,VTA,,,,,1.0,,INSTRUMENT LIST,130,XV130PP03A,130-SU-01,,Control Element
90,XV130PP03B,Slurry Drain On/Off Valve,Field,133-014-SPB-SC1-400,1001-133-PRO-DWG-JIP-100(2/2),On/Off Valve,1001-000-ICS-DWG-JIP-025(4/24),DO,ShangPinKeJi,VTA,,,,,1.0,,INSTRUMENT LIST,130,XV130PP03B,130-PP-03,,Control Element
91,XV130PP03C,Mill Sump Hopper 130-SU-01 Discharge On/Off Valve,Field,133-016-SPB-SC1-400,1001-133-PRO-DWG-JIP-100(2/2),On/Off Valve,1001-000-ICS-DWG-JIP-025(4/24),DO,ShangPinKeJi,VTA,,,,,1.0,,INSTRUMENT LIST,130,XV130PP03C,130-SU-01,,Control Element
92,XV130PP04A,Mill Sump Hopper 130-SU-01 Discharge On/Off Valve,Field,133-015-SPB-SC1-400,1001-133-PRO-DWG-JIP-100(2/2),On/Off Valve,1001-000-ICS-DWG-JIP-025(4/24),DO,ShangPinKeJi,VTA,,,,,1.0,,INSTRUMENT LIST,130,XV130PP04A,130-SU-01,,Control Element
93,XV130PP04B,Slurry Drain On/Off Valve,Field,133-015-SPB-SC1-400,1001-133-PRO-DWG-JIP-100(2/2),On/Off Valve,1001-000-ICS-DWG-JIP-025(4/24),DO,ShangPinKeJi,VTA,,,,,1.0,,INSTRUMENT LIST,130,XV130PP04B,130-PP-04,,Control Element
94,XV130PP04C,Mill Sump Hopper 130-SU-01 Discharge On/Off Valve,Field,133-017-SPB-SC1-400,1001-133-PRO-DWG-JIP-100(2/2),On/Off Valve,1001-000-ICS-DWG-JIP-025(4/24),DO,ShangPinKeJi,VTA,,,,,1.0,,INSTRUMENT LIST,130,XV130PP04C,130-SU-01,,Control Element
95,PG130CY01A,Mill Sump Hopper 130-SU-01 Discharge Pressure Gauge,Field,133-018-SPB-SR1-400,1001-133-PRO-DWG-JIP-100(2/2),Pressure Gauge,"1001-000-ICS-DWG-JIP-025(5/24)
/1001-000-ICS-DWG-JIP-025(17/24)",,WIKA,VTA,,0-10,0-10,bar,1.0,,INSTRUMENT LIST,130,PG130CY01A,130-SU-01,Pressure,Condition / Measurement
96,FIT130CY01,Mill Sump Hopper 130-SU-01 Discharge Flow meter,Field,133-018-SPB-SR1-400,1001-133-PRO-DWG-JIP-100(2/2),"Flowmeter, Electromagnetic",1001-000-ICS-DWG-JIP-025(7/24),AI,Guanghua in China,VTA,TBD,VTA,0~857,m³/h,1.0,,INSTRUMENT LIST,130,FIT130CY01,130-SU-01,Flow,Condition / Measurement
97,DIT130CY01,Mill Sump Hopper 130-SU-01 Discharge Density meter,Field,133-018-SPB-SR1-400,1001-133-PRO-DWG-JIP-100(2/2),Density meter,1001-000-ICS-DWG-JIP-025(22/24),AI,Ecophyspribor,VTA,,0~3000,0~3000,kg/m³,1.0,,INSTRUMENT LIST,130,DIT130CY01,130-SU-01,Density,Condition / Measurement
98,SV130PP03,Mill Sump Hopper Discharge Pump 130-PP-03 Gland Seal Water Solenoid Valve,Field,133-002-WGL-SC1-25,1001-133-PRO-DWG-JIP-100(2/2),Solenoid Valve,,DO,Norgren,VTA,,,,,1.0,,INSTRUMENT LIST,130,SV130PP03,130-PP-03,,Control Element
99,SV130PP04,Mill Sump Hopper Discharge Pump 130-PP-04 Gland Seal Water Solenoid Valve,Field,133-003-WGL-SC1-25,1001-133-PRO-DWG-JIP-100(2/2),Solenoid Valve,,DO,Norgren,VTA,,,,,1.0,,INSTRUMENT LIST,130,SV130PP04,130-PP-04,,Control Element
100,PG130PP03,Mill Sump Hopper Discharge Pump 130-PP-03 Gland Seal Water Pressure Gauge,Field,133-002-WGL-SC1-25,1001-133-PRO-DWG-JIP-100(2/2),Pressure Gauge,"1001-000-ICS-DWG-JIP-025(5/24)
/1001-000-ICS-DWG-JIP-025(17/24)",,WIKA,VTA,,0-10,0-10,bar,1.0,,INSTRUMENT LIST,130,PG130PP03,130-PP-03,Pressure,Condition / Measurement
101,PG130PP04,Mill Sump Hopper Discharge Pump 130-PP-04 Gland Seal Water Pressure Gauge,Field,133-003-WGL-SC1-25,1001-133-PRO-DWG-JIP-100(2/2),Pressure Gauge,"1001-000-ICS-DWG-JIP-025(5/24)
/1001-000-ICS-DWG-JIP-025(17/24)",,WIKA,VTA,,0-10,0-10,bar,1.0,,INSTRUMENT LIST,130,PG130PP04,130-PP-04,Pressure,Condition / Measurement
102,FSL130PP03,Mill Sump Hopper Discharge Pump 130-PP-03 Gland Seal Water Flow Switch,Field,133-002-WGL-SC1-25,1001-133-PRO-DWG-JIP-100(2/2),Flow Switch,1001-000-ICS-DWG-JIP-025(10/24),DI,WIKA/IFM,VTA,TBD,0-3,0-3,m/s,1.0,,INSTRUMENT LIST,130,FSL130PP03,130-PP-03,Flow,Protection / Interlock
103,FSL130PP04,Mill Sump Hopper Discharge Pump 130-PP-04 Gland Seal Water Flow Switch,Field,133-003-WGL-SC1-25,1001-133-PRO-DWG-JIP-100(2/2),Flow Switch,1001-000-ICS-DWG-JIP-025(10/24),DI,WIKA/IFM,VTA,TBD,0-3,0-3,m/s,1.0,,INSTRUMENT LIST,130,FSL130PP04,130-PP-04,Flow,Protection / Interlock
104,LS130PP05,Sump(130-PP-05) Level Swith,Field,,1001-133-PRO-DWG-JIP-100(2/2),Float Switch,1001-000-ICS-DWG-JIP-025(15/24),,TBD,VTA,,,,,1.0,,INSTRUMENT LIST,130,LS130PP05,130-PP-05,,Protection / Interlock
105,PG130CY01B,Cyclone 130-CY-01 Pressure Gauge,Field,,1001-134-PRO-DWG-JIP-100,Pressure Gauge,"1001-000-ICS-DWG-JIP-025(5/24)
/1001-000-ICS-DWG-JIP-025(17/24)",,Vendor To Advise,VTA,,0-10,0-10,bar,1.0,Vendor supply,INSTRUMENT LIST,130,PG130CY01B,130-CY-01,Pressure,Condition / Measurement
106,PIT130CY01,Cyclone 130-CY-01 Pressure Transmitter,Field,,1001-134-PRO-DWG-JIP-101,Pressure Transmitter,1001-000-ICS-DWG-JIP-025(6/24),AI,Vendor To Advise,VTA,TBD,VTA,0-1,bar,1.0,Vendor supply,INSTRUMENT LIST,130,PIT130CY01,130-CY-01,Pressure,Condition / Measurement
107,XV130KC01,Slurry to Knelson 130-KC-01 On/Off Valve,Field,134-008-SPB-SC1-200,1001-134-PRO-DWG-JIP-101,On/Off Valve,1001-000-ICS-DWG-JIP-025(4/24),,ShangPinKeJi,VTA,,,,,1.0,,INSTRUMENT LIST,130,XV130KC01,130-KC-01,,Control Element
108,FT130KC01,Knelson 130-kc-01 water flow meter,Field,229-016-WFL-SC1-80,1001-134-PRO-DWG-JIP-101,"Flowmeter, Electromagnetic",1001-000-ICS-DWG-JIP-025(7/24),,Vendor To Advise,VTA,TBD,VTA,VTA,m³/h,1.0,Vendor supply,INSTRUMENT LIST,130,FT130KC01,130-KC-01,Flow,Condition / Measurement
109,FCV130KC01,Knelson 130-kc-01 water On/Off Valve,Field,229-016-WFL-SC1-80,1001-134-PRO-DWG-JIP-101,On/Off Valve,1001-000-ICS-DWG-JIP-025(4/24),,Vendor To Advise,VTA,,,,,1.0,Vendor supply,INSTRUMENT LIST,130,FCV130KC01,130-KC-01,,Control Element
110,PIT130KC01,Knelson 130-kc-01 water Pressure Transmitter,Field,229-016-WFL-SC1-80,1001-134-PRO-DWG-JIP-101,Pressure Transmitter,1001-000-ICS-DWG-JIP-025(20/24),,Vendor To Advise,VTA,TBD,VTA,0-5.5,bar,1.0,Vendor supply,INSTRUMENT LIST,130,PIT130KC01,130-KC-01,Pressure,Condition / Measurement
111,SSL130KC01,Knelson 130-kc-01 Speed Switch,Field,,1001-134-PRO-DWG-JIP-101,Underspeed Switch,1001-000-ICS-DWG-JIP-025(13/24),,Vendor To Advise,VTA,TBD,VTA,VTA,r/min,1.0,Vendor supply,INSTRUMENT LIST,130,SSL130KC01,130-KC-01,Speed,Protection / Interlock
112,LIT130HP04,Concentrate Hopper 130-HOP-04 Level meter,Field,,1001-134-PRO-DWG-JIP-101,"Level Transmitter, Ultrasonic",1001-000-ICS-DWG-JIP-025(8/31),AI,Siemens/E+H,VTA,TBD,VTA,0~2800,mm,1.0,,INSTRUMENT LIST,130,LIT130HP04,130-HOP-04,Level,Condition / Measurement
113,LS130PP02,Sump (130-PP-02) Float Switch,Field,,1001-134-PRO-DWG-JIP-101,Float Switch,1001-000-ICS-DWG-JIP-025(15/24),,TBD,VTA,,,,,1.0,,INSTRUMENT LIST,130,LS130PP02,130-PP-02,,Protection / Interlock
114,LS130PP06,Sump (130-PP-06) Float Switch,Field,,1001-134-PRO-DWG-JIP-101,Float Switch,1001-000-ICS-DWG-JIP-025(15/24),,TBD,VTA,,,,,1.0,,INSTRUMENT LIST,130,LS130PP06,130-PP-06,,Protection / Interlock
115,LIT140TK04,Reagent Mixing Tank 140-TK-04 Level Meter,Field,,1001-141-PRO-DWG-JIP-100,"Level Transmitter, Ultrasonic",1001-000-ICS-DWG-JIP-025(8/31),AI,Siemens/E+H,VTA,TBD,VTA,0~4500,mm,1.0,,INSTRUMENT LIST,140,LIT140TK04,140-TK-04,Level,Condition / Measurement
116,LIT140TK05,Conditioning Tank 140-TK-05 Level meter,Field,,1001-141-PRO-DWG-JIP-100,"Level Transmitter, Ultrasonic",1001-000-ICS-DWG-JIP-025(8/31),AI,Siemens/E+H,VTA,TBD,VTA,0~4500,mm,1.0,,INSTRUMENT LIST,140,LIT140TK05,140-TK-05,Level,Condition / Measurement
117,AIT140TK05(PH&ORP),Conditioning Tank 140-TK-05 pH & ORPMeter,Field,,1001-141-PRO-DWG-JIP-100,pH Transmitter,1001-000-ICS-DWG-JIP-025(20/24),AI,E+H,VTA,TBD,VTA,0-14,,1.0,,INSTRUMENT LIST,140,AIT140TK05(PH&ORP),140-TK-05,Speed,Condition / Measurement
118,XV140TK05,Lime to Conditioning Tank 140-TK-05 Control Valve,Field,212-014-RHL-SC-25,1001-141-PRO-DWG-JIP-100,Pinch Valve,1001-000-ICS-DWG-JIP-025(3/24),AO,NaiDe in China,VTA,,0~100%,0~100%,%,1.0,,INSTRUMENT LIST,140,XV140TK05,140-TK-05,,Condition / Measurement
119,LS140PP12,Sump (140-PP-12) Float Switch,Field,,1001-141-PRO-DWG-JIP-100,Float Switch,1001-000-ICS-DWG-JIP-025(15/24),,TBD,VTA,,,,,1.0,,INSTRUMENT LIST,140,LS140PP12,140-PP-12,,Protection / Interlock
120,FIT140TK06A,Flotation Cell 140-TK-06 Blower air Flowmeter,Field,142-002-ALP-SC1-125,1001-142-PRO-DWG-JIP-100(1/7),"Flowmeter, Calorimetric",,AI,Vendor To Advise,VTA,13.2,VTA,0~13.2,m³/min,1.0,Vendor supply,INSTRUMENT LIST,140,FIT140TK06A,140-TK-06,Flow,Condition / Measurement
121,FV140TK06,Flotation Cell 140-TK-06 Blower air Control Valve,Field,142-002-ALP-SC1-125,1001-142-PRO-DWG-JIP-100(1/7),Air Control Valve,,AO,Vendor To Advise,VTA,,0~100%,0~100%,%,1.0,Vendor supply,INSTRUMENT LIST,140,FV140TK06,140-TK-06,,Control Element
122,FIT140TK07,Flotation Cell 140-TK-07 Blower air Flowmeter,Field,142-003-ALP-SC1-125,1001-142-PRO-DWG-JIP-100(1/7),"Flowmeter, Calorimetric",,AI,Vendor To Advise,VTA,13.2,VTA,0~13.2,m³/min,1.0,Vendor supply,INSTRUMENT LIST,140,FIT140TK07,140-TK-07,Flow,Condition / Measurement
123,FV140TK07,Flotation Cell 140-TK-07 Blower air Control Valve,Field,142-003-ALP-SC1-125,1001-142-PRO-DWG-JIP-100(1/7),Air Control Valve,,AO,Vendor To Advise,VTA,,0~100%,0~100%,%,1.0,Vendor supply,INSTRUMENT LIST,140,FV140TK07,140-TK-07,,Control Element
124,FIT140TK08,Flotation Cell 140-TK-08 Blower air Flowmeter,Field,142-004-ALP-SC1-125,1001-142-PRO-DWG-JIP-100(1/7),"Flowmeter, Calorimetric",,AI,Vendor To Advise,VTA,13.2,VTA,0~13.2,m³/min,1.0,Vendor supply,INSTRUMENT LIST,140,FIT140TK08,140-TK-08,Flow,Condition / Measurement
125,FV140TK08,Flotation Cell 140-TK-08 Blower air Control Valve,Field,142-004-ALP-SC1-125,1001-142-PRO-DWG-JIP-100(1/7),Air Control Valve,,AO,Vendor To Advise,VTA,,0~100%,0~100%,%,1.0,Vendor supply,INSTRUMENT LIST,140,FV140TK08,140-TK-08,,Control Element
126,FIT140TK09,Flotation Cell 140-TK-09 Blower air Flowmeter,Field,142-005-ALP-SC1-125,1001-142-PRO-DWG-JIP-100(1/7),"Flowmeter, Calorimetric",,AI,Vendor To Advise,VTA,13.2,VTA,0~13.2,m³/min,1.0,Vendor supply,INSTRUMENT LIST,140,FIT140TK09,140-TK-09,Flow,Condition / Measurement
127,FV140TK09,Flotation Cell 140-TK-09 Blower air Control Valve,Field,142-005-ALP-SC1-125,1001-142-PRO-DWG-JIP-100(1/7),Air Control Valve,,AO,Vendor To Advise,VTA,,0~100%,0~100%,%,1.0,Vendor supply,INSTRUMENT LIST,140,FV140TK09,140-TK-09,,Control Element
128,LIT140TK09,Flotation Cell 140-TK-09 Level meter,Field,,1001-142-PRO-DWG-JIP-100(1/7),"Level Transmitter, Ultrasonic",1001-000-ICS-DWG-JIP-025(8/31),AI,Vendor To Advise,VTA,TBD,VTA,0~500,mm,1.0,Vendor supply,INSTRUMENT LIST,140,LIT140TK09,140-TK-09,Level,Condition / Measurement
129,LCV140TK09A,Flotation Cell s 140-TK-09 Discharge Valve Position Feedback,Field,,1001-142-PRO-DWG-JIP-100(1/7),Air Modulation Actuator,,AI,Vendor To Advise,VTA,,0~100%,0~100%,%,1.0,Vendor supply,INSTRUMENT LIST,140,LCV140TK09A,140-TK-09,Position,Control Element
130,,Flotation Cell s 140-TK-09 Discharge Valve Position Give,Field,,1001-142-PRO-DWG-JIP-100(1/7),Air Modulation Actuator,,AO,Vendor To Advise,VTA,,0~100%,0~100%,%,1.0,Vendor supply,INSTRUMENT LIST,140,,140-TK-09,Position,Control Element
131,LCV140TK09B,Flotation Cell s 140-TK-09 Discharge Valve Position Feedback,Field,,1001-142-PRO-DWG-JIP-100(1/7),Air Modulation Actuator,,AI,Vendor To Advise,VTA,,0~100%,0~100%,%,1.0,Vendor supply,INSTRUMENT LIST,140,LCV140TK09B,140-TK-09,Position,Control Element
133,LIT140HP01,Rougher Circuit Concentrate Hop 140-HOP-01 Level meter,Field,,1001-142-PRO-DWG-JIP-100(1/7),"Level Transmitter, Ultrasonic",1001-000-ICS-DWG-JIP-025(8/31),AI,Siemens/E+H,VTA,TBD,VTA,0~1500,mm,1.0,,INSTRUMENT LIST,140,LIT140HP01,140-HOP-01,Level,Condition / Measurement
134,XV140PP13,Rougher Circuit Concentrate Hop 140-HOP-01 Discharge Valve,Field,142-004-SPB-SC1-300,1001-142-PRO-DWG-JIP-100(1/7),On/Off Valve,1001-000-ICS-DWG-JIP-025(4/24),DO,ShangPinKeJi,VTA,,,,,1.0,,INSTRUMENT LIST,140,XV140PP13,140-HOP-01,,Control Element
135,XV140PP14,Rougher Circuit Concentrate Hop 140-HOP-01 Discharge Valve,Field,142-005-SPB-SC1-300,1001-142-PRO-DWG-JIP-100(1/7),On/Off Valve,1001-000-ICS-DWG-JIP-025(4/24),DO,ShangPinKeJi,VTA,,,,,1.0,,INSTRUMENT LIST,140,XV140PP14,140-HOP-01,,Control Element
136,FIT140TK24B,Rougher Circuit Concentrate Discharge Slurry Flowmeter,Field,142-007-SPB-SC1-200,1001-142-PRO-DWG-JIP-100(1/7),"Flowmeter, Electromagnetic",1001-000-ICS-DWG-JIP-025(7/24),AI,Guanghua in China,VTA,TBD,VTA,0~146,m³/h,1.0,,INSTRUMENT LIST,140,FIT140TK24B,140-TK-24,Flow,Condition / Measurement
137,PG140TK24,Rougher Circuit Concentrate Discharge Slurry Pressure,Field,142-007-SPB-SC1-200,1001-142-PRO-DWG-JIP-100(1/7),Pressure Gauge,"1001-000-ICS-DWG-JIP-025(5/24)
/1001-000-ICS-DWG-JIP-025(17/24)",,WIKA,VTA,,VTA,VTA,bar,1.0,,INSTRUMENT LIST,140,PG140TK24,140-TK-24,Pressure,Condition / Measurement
138,FV140TK10,Flotation Cell 140-TK-10 Blower air Control Valve,Field,142-006-ALP-SC1-125,1001-142-PRO-DWG-JIP-100(2/7),Air Control Valve,,AO,Vendor To Advise,VTA,,0~100%,0~100%,%,1.0,Vendor supply,INSTRUMENT LIST,140,FV140TK10,140-TK-10,,Control Element
139,FIT140TK10A,Flotation Cell 140-TK-10 Blower air Flowmeter,Field,142-006-ALP-SC1-125,1001-142-PRO-DWG-JIP-100(2/7),"Flowmeter, Calorimetric",,AI,Vendor To Advise,VTA,13.2,VTA,0~13.2,m³/min,1.0,Vendor supply,INSTRUMENT LIST,140,FIT140TK10A,140-TK-10,Flow,Condition / Measurement
140,FV140TK11,Flotation Cell 140-TK-11 Blower air Control Valve,Field,142-007-ALP-SC1-125,1001-142-PRO-DWG-JIP-100(2/7),Air Control Valve,,AO,Vendor To Advise,VTA,,0~100%,0~100%,%,1.0,Vendor supply,INSTRUMENT LIST,140,FV140TK11,140-TK-11,,Control Element
141,FIT140TK11,Flotation Cell 140-TK-11 Blower air Flowmeter,Field,142-007-ALP-SC1-125,1001-142-PRO-DWG-JIP-100(2/7),"Flowmeter, Calorimetric",,AI,Vendor To Advise,VTA,13.2,VTA,0~13.2,m³/min,1.0,Vendor supply,INSTRUMENT LIST,140,FIT140TK11,140-TK-11,Flow,Condition / Measurement
142,FV140TK12,Flotation Cell 140-TK-12 Blower air Control Valve,Field,142-008-ALP-SC1-125,1001-142-PRO-DWG-JIP-100(2/7),Air Control Valve,,AO,Vendor To Advise,VTA,,0~100%,0~100%,%,1.0,Vendor supply,INSTRUMENT LIST,140,FV140TK12,140-TK-12,,Control Element
143,FIT140TK12,Flotation Cell 140-TK-12 Blower air Flowmeter,Field,142-008-ALP-SC1-125,1001-142-PRO-DWG-JIP-100(2/7),"Flowmeter, Calorimetric",,AI,Vendor To Advise,VTA,13.2,VTA,0~13.2,m³/min,1.0,Vendor supply,INSTRUMENT LIST,140,FIT140TK12,140-TK-12,Flow,Condition / Measurement
144,FV140TK13,Flotation Cell 140-TK-13 Blower air Control Valve,Field,142-009-ALP-SC1-125,1001-142-PRO-DWG-JIP-100(2/7),Air Control Valve,,AO,Vendor To Advise,VTA,,0~100%,0~100%,%,1.0,Vendor supply,INSTRUMENT LIST,140,FV140TK13,140-TK-13,,Control Element
145,FIT140TK13,Flotation Cell 140-TK-13 Blower air Flowmeter,Field,142-009-ALP-SC1-125,1001-142-PRO-DWG-JIP-100(2/7),"Flowmeter, Calorimetric",,AI,Vendor To Advise,VTA,13.2,VTA,0~13.2,m³/min,1.0,Vendor supply,INSTRUMENT LIST,140,FIT140TK13,140-TK-13,Flow,Condition / Measurement
146,LIT140TK13,Flotation Cell 140-TK-13 Level meter,Field,,1001-142-PRO-DWG-JIP-100(2/7),"Level Transmitter, Ultrasonic",1001-000-ICS-DWG-JIP-025(8/31),AI,Vendor To Advise,VTA,TBD,VTA,0~500,mm,1.0,Vendor supply,INSTRUMENT LIST,140,LIT140TK13,140-TK-13,Level,Condition / Measurement
147,LCV140TK13A,Flotation Cell 140-TK-13 Discharge Valve Position Feedback,Field,,1001-142-PRO-DWG-JIP-100(2/7),Air Modulation Actuator,,AI,Vendor To Advise,VTA,,0~100%,0~100%,%,1.0,Vendor supply,INSTRUMENT LIST,140,LCV140TK13A,140-TK-13,Position,Control Element
149,LCV140TK13B,Flotation Cell 140-TK-13 Discharge Valve Position Feedback,Field,,1001-142-PRO-DWG-JIP-100(2/7),Air Modulation Actuator,,AI,Vendor To Advise,VTA,,0~100%,0~100%,%,1.0,Vendor supply,INSTRUMENT LIST,140,LCV140TK13B,140-TK-13,Position,Control Element
151,LIT140HP08,Scavenger 1 Concentrate Hop 140-HOP-08 Level meter,Field,,1001-142-PRO-DWG-JIP-100(2/7),"Level Transmitter, Ultrasonic",1001-000-ICS-DWG-JIP-025(8/31),AI,Siemens/E+H,VTA,TBD,VTA,0~1500,mm,1.0,,INSTRUMENT LIST,140,LIT140HP08,140-HOP-08,Level,Condition / Measurement
152,XV140PP15,Scavenger 1 Concentrate Hop 140-HOP-08 Discharge Valve,Field,142-010-SPB-SC1-300,1001-142-PRO-DWG-JIP-100(2/7),On/Off Valve,1001-000-ICS-DWG-JIP-025(4/24),DO,ShangPinKeJi,VTA,,,,,1.0,,INSTRUMENT LIST,140,XV140PP15,140-HOP-08,,Control Element
153,XV140PP16,Scavenger 1 Concentrate Hop 140-HOP-08 Discharge Valve,Field,142-011-SPB-SC1-300,1001-142-PRO-DWG-JIP-100(2/7),On/Off Valve,1001-000-ICS-DWG-JIP-025(4/24),DO,ShangPinKeJi,VTA,,,,,1.0,,INSTRUMENT LIST,140,XV140PP16,140-HOP-08,,Control Element
154,FIT140TK06B,Scavenger 1 Concentrate Discharge Flowmeter,Field,142-013-SPB-SC1-150,1001-142-PRO-DWG-JIP-100(2/7),"Flowmeter, Electromagnetic",1001-000-ICS-DWG-JIP-025(7/24),AI,Guanghua in China,VTA,TBD,VTA,0~96.6,m³/h,1.0,,INSTRUMENT LIST,140,FIT140TK06B,140-TK-06,Flow,Condition / Measurement
155,PG140TK06,Scavenger 1 Concentrate Discharge Pressure,Field,142-013-SPB-SC1-150,1001-142-PRO-DWG-JIP-100(2/7),Pressure Gauge,"1001-000-ICS-DWG-JIP-025(5/24)
/1001-000-ICS-DWG-JIP-025(17/24)",,WIKA,VTA,,0-10,0-10,bar,1.0,,INSTRUMENT LIST,140,PG140TK06,140-TK-06,Pressure,Condition / Measurement
156,FV140TK14,Flotation Cell 140-TK-14 Blower air Control Valve,Field,142--010-ALP-SC1-125,1001-142-PRO-DWG-JIP-100(3/7),Air Control Valve,,AO,Vendor To Advise,VTA,,0~100%,0~100%,%,1.0,Vendor supply,INSTRUMENT LIST,140,FV140TK14,140-TK-14,,Control Element
157,FIT140TK14A,Flotation Cell 140-TK-14 Blower air Flowmeter,Field,142--010-ALP-SC1-125,1001-142-PRO-DWG-JIP-100(3/7),"Flowmeter, Calorimetric",,AI,Vendor To Advise,VTA,13.2,VTA,0~13.2,m³/min,1.0,Vendor supply,INSTRUMENT LIST,140,FIT140TK14A,140-TK-14,Flow,Condition / Measurement
158,FV140TK15,Flotation Cell 140-TK-15 Blower air Control Valve,Field,142--011-ALP-SC1-125,1001-142-PRO-DWG-JIP-100(3/7),Air Control Valve,,AO,Vendor To Advise,VTA,,0~100%,0~100%,%,1.0,Vendor supply,INSTRUMENT LIST,140,FV140TK15,140-TK-15,,Control Element
159,FIT140TK15,Flotation Cell 140-TK-15 Blower air Flowmeter,Field,142--011-ALP-SC1-125,1001-142-PRO-DWG-JIP-100(3/7),"Flowmeter, Calorimetric",,AI,Vendor To Advise,VTA,13.2,VTA,0~13.2,m³/min,1.0,Vendor supply,INSTRUMENT LIST,140,FIT140TK15,140-TK-15,Flow,Condition / Measurement
160,FV140TK16,Flotation Cell 140-TK-16 Blower air Control Valve,Field,142--012-ALP-SC1-125,1001-142-PRO-DWG-JIP-100(3/7),Air Control Valve,,AO,Vendor To Advise,VTA,,0~100%,0~100%,%,1.0,Vendor supply,INSTRUMENT LIST,140,FV140TK16,140-TK-16,,Control Element
161,FIT140TK16,Flotation Cell 140-TK-16 Blower air Flowmeter,Field,142--012-ALP-SC1-125,1001-142-PRO-DWG-JIP-100(3/7),"Flowmeter, Calorimetric",,AI,Vendor To Advise,VTA,13.2,VTA,0~13.2,m³/min,1.0,Vendor supply,INSTRUMENT LIST,140,FIT140TK16,140-TK-16,Flow,Condition / Measurement
162,FV140TK17,Flotation Cell 140-TK-17 Blower air Control Valve,Field,142--013-ALP-SC1-125,1001-142-PRO-DWG-JIP-100(3/7),Air Control Valve,,AO,Vendor To Advise,VTA,,0~100%,0~100%,%,1.0,Vendor supply,INSTRUMENT LIST,140,FV140TK17,140-TK-17,,Control Element
163,FIT140TK17,Flotation Cell 140-TK-17 Blower air Flowmeter,Field,142--013-ALP-SC1-125,1001-142-PRO-DWG-JIP-100(3/7),"Flowmeter, Calorimetric",,AI,Vendor To Advise,VTA,13.2,VTA,0~13.2,m³/min,1.0,Vendor supply,INSTRUMENT LIST,140,FIT140TK17,140-TK-17,Flow,Condition / Measurement
164,LIT140TK17,Flotation Cell 140-TK-17 Level meter,Field,,1001-142-PRO-DWG-JIP-100(3/7),"Level Transmitter, Ultrasonic",1001-000-ICS-DWG-JIP-025(8/31),AI,Vendor To Advise,VTA,TBD,VTA,0~500,mm,1.0,Vendor supply,INSTRUMENT LIST,140,LIT140TK17,140-TK-17,Level,Condition / Measurement
165,LCV140TK17A,Flotation Cell 140-TK-17 Discharge Valve Position Feedback,Field,,1001-142-PRO-DWG-JIP-100(3/7),Air Modulation Actuator,,AI,Vendor To Advise,VTA,,0~100%,0~100%,%,1.0,Vendor supply,INSTRUMENT LIST,140,LCV140TK17A,140-TK-17,Position,Control Element
167,LCV140TK17B,Flotation Cell 140-TK-17 Discharge Valve Position Feedback,Field,,1001-142-PRO-DWG-JIP-100(3/7),Air Modulation Actuator,,AI,Vendor To Advise,VTA,,0~100%,0~100%,%,1.0,Vendor supply,INSTRUMENT LIST,140,LCV140TK17B,140-TK-17,Position,Control Element
169,LIT140HP09,Scavenger 2 Concentrate Hop 140-HOP-09 Level meter,Field,,1001-142-PRO-DWG-JIP-100(3/7),"Level Transmitter, Ultrasonic",1001-000-ICS-DWG-JIP-025(8/31),AI,Siemens/E+H,VTA,TBD,VTA,0~1500,mm,1.0,,INSTRUMENT LIST,140,LIT140HP09,140-HOP-09,Level,Condition / Measurement
170,XV140PP17,Scavenger 2 Concentrate Hop 140-HOP-09 Discharge Valve,Field,142-016-SPB-SC1-150,1001-142-PRO-DWG-JIP-100(3/7),On/Off Valve,1001-000-ICS-DWG-JIP-025(4/24),DO,ShangPinKeJi,VTA,,,,,1.0,,INSTRUMENT LIST,140,XV140PP17,140-HOP-09,,Control Element
171,XV140PP18,Scavenger 2 Concentrate Hop 140-HOP-09 Discharge Valve,Field,142-017-SPB-SC1-150,1001-142-PRO-DWG-JIP-100(3/7),On/Off Valve,1001-000-ICS-DWG-JIP-025(4/24),DO,ShangPinKeJi,VTA,,,,,1.0,,INSTRUMENT LIST,140,XV140PP18,140-HOP-09,,Control Element
172,FIT140TK06C,Scavenger 2 Concentrate Discharge Flowmeter,Field,142-019-SPB-SC1-80,1001-142-PRO-DWG-JIP-100(3/7),"Flowmeter, Electromagnetic",1001-000-ICS-DWG-JIP-025(7/24),AI,Guanghua in China,VTA,TBD,VTA,0~66.9,m³/h,1.0,,INSTRUMENT LIST,140,FIT140TK06C,140-TK-06,Flow,Condition / Measurement
173,PG140TK06C,Scavenger 2 Concentrate Discharge Pressure,Field,142-019-SPB-SC1-80,1001-142-PRO-DWG-JIP-100(3/7),Pressure Gauge,"1001-000-ICS-DWG-JIP-025(5/24)
/1001-000-ICS-DWG-JIP-025(17/24)",,WIKA,VTA,,0-10,0-10,bar,1.0,,INSTRUMENT LIST,140,PG140TK06C,140-TK-06,Pressure,Condition / Measurement
174,FV140TK18,Flotation Cell 140-TK-18 Blower air Control Valve,Field,142-014-ALP-SC1-125,1001-142-PRO-DWG-JIP-100(4/7),Air Control Valve,,AO,Vendor To Advise,VTA,,0~100%,0~100%,%,1.0,Vendor supply,INSTRUMENT LIST,140,FV140TK18,140-TK-18,,Control Element
175,FIT140TK18,Flotation Cell 140-TK-18 Blower air Flowmeter,Field,142-014-ALP-SC1-125,1001-142-PRO-DWG-JIP-100(4/7),"Flowmeter, Calorimetric",,AI,Vendor To Advise,VTA,13.2,VTA,0~13.2,m³/min,1.0,Vendor supply,INSTRUMENT LIST,140,FIT140TK18,140-TK-18,Flow,Condition / Measurement
176,FV140TK19,Flotation Cell 140-TK-19 Blower air Control Valve,Field,142-015-ALP-SC1-125,1001-142-PRO-DWG-JIP-100(4/7),Air Control Valve,,AO,Vendor To Advise,VTA,,0~100%,0~100%,%,1.0,Vendor supply,INSTRUMENT LIST,140,FV140TK19,140-TK-19,,Control Element
177,FIT140TK19,Flotation Cell 140-TK-19 Blower air Flowmeter,Field,142-015-ALP-SC1-125,1001-142-PRO-DWG-JIP-100(4/7),"Flowmeter, Calorimetric",,AI,Vendor To Advise,VTA,13.2,VTA,0~13.2,m³/min,1.0,Vendor supply,INSTRUMENT LIST,140,FIT140TK19,140-TK-19,Flow,Condition / Measurement
178,FV140TK20,Flotation Cell 140-TK-20 Blower air Control Valve,Field,142-016-ALP-SC1-125,1001-142-PRO-DWG-JIP-100(4/7),Air Control Valve,,AO,Vendor To Advise,VTA,,0~100%,0~100%,%,1.0,Vendor supply,INSTRUMENT LIST,140,FV140TK20,140-TK-20,,Control Element
179,FIT140TK20,Flotation Cell 140-TK-20 Blower air Flowmeter,Field,142-016-ALP-SC1-125,1001-142-PRO-DWG-JIP-100(4/7),"Flowmeter, Calorimetric",,AI,Vendor To Advise,VTA,13.2,VTA,0~13.2,m³/min,1.0,Vendor supply,INSTRUMENT LIST,140,FIT140TK20,140-TK-20,Flow,Condition / Measurement
180,LIT140TK20,Flotation Cell 140-TK-20 Level meter,Field,,1001-142-PRO-DWG-JIP-100(4/7),"Level Transmitter, Ultrasonic",1001-000-ICS-DWG-JIP-025(8/31),AI,Vendor To Advise,VTA,TBD,VTA,0~500,mm,1.0,Vendor supply,INSTRUMENT LIST,140,LIT140TK20,140-TK-20,Level,Condition / Measurement
181,LCV140TK20A,Flotation Cell 140-TK-20 Discharge Valve Position Feedback,Field,,1001-142-PRO-DWG-JIP-100(4/7),Air Modulation Actuator,,AI,Vendor To Advise,VTA,,0~100%,0~100%,%,1.0,Vendor supply,INSTRUMENT LIST,140,LCV140TK20A,140-TK-20,Position,Control Element
183,LCV140TK20B,Flotation Cell 140-TK-20 Discharge Valve Position Feedback,Field,,1001-142-PRO-DWG-JIP-100(4/7),Air Modulation Actuator,,AI,Vendor To Advise,VTA,,0~100%,0~100%,%,1.0,Vendor supply,INSTRUMENT LIST,140,LCV140TK20B,140-TK-20,Position,Control Element
185,LIT140HP10,Scavenger 3 Concentrate Hop 140-HOP-10 Level meter,Field,,1001-142-PRO-DWG-JIP-100(4/7),"Level Transmitter, Ultrasonic",1001-000-ICS-DWG-JIP-025(8/31),AI,Siemens/E+H,VTA,TBD,VTA,0~1500,mm,1.0,,INSTRUMENT LIST,140,LIT140HP10,140-HOP-10,Level,Condition / Measurement
186,XV140PP19,Scavenger 3 Concentrate Discharge Valve,Field,142-022-SPB-SC1-150,1001-142-PRO-DWG-JIP-100(4/7),On/Off Valve,1001-000-ICS-DWG-JIP-025(4/24),DO,ShangPinKeJi,VTA,,,,,1.0,,INSTRUMENT LIST,140,XV140PP19,140-PP-19,,Control Element
187,XV140PP20,Scavenger 3 Concentrate Discharge Valve,Field,142-023-SPB-SC1-150,1001-142-PRO-DWG-JIP-100(4/7),On/Off Valve,1001-000-ICS-DWG-JIP-025(4/24),DO,ShangPinKeJi,VTA,,,,,1.0,,INSTRUMENT LIST,140,XV140PP20,140-PP-20,,Control Element
188,FIT140TK10B,Scavenger 3 Concentrate Discharge Flowmeter,Field,142-025-SPB-SC1-80,1001-142-PRO-DWG-JIP-100(4/7),"Flowmeter, Electromagnetic",1001-000-ICS-DWG-JIP-025(7/24),AI,Guanghua in China,VTA,TBD,VTA,0~59,m³/h,1.0,,INSTRUMENT LIST,140,FIT140TK10B,140-TK-10,Flow,Condition / Measurement
189,PG140TK10,Scavenger 3 Concentrate Discharge Pressure,Field,142-025-SPB-SC1-80,1001-142-PRO-DWG-JIP-100(4/7),Pressure Gauge,"1001-000-ICS-DWG-JIP-025(5/24)
/1001-000-ICS-DWG-JIP-025(17/24)",,WIKA,VTA,,0-10,0-10,bar,1.0,,INSTRUMENT LIST,140,PG140TK10,140-TK-10,Pressure,Condition / Measurement
190,LIT140HP02,Scavenger 3 Tailing Hop 140-HOP-02 Level meter,Field,,1001-142-PRO-DWG-JIP-100(4/7),"Level Transmitter, Ultrasonic",1001-000-ICS-DWG-JIP-025(8/31),AI,Siemens/E+H,VTA,TBD,VTA,0~2000,mm,1.0,,INSTRUMENT LIST,140,LIT140HP02,140-HOP-02,Level,Condition / Measurement
191,XV140PP21,Scavenger 3 Tailing Hop 140-Hop-02 Discharge Valve,Field,142-028-SPB-SC1-350,1001-142-PRO-DWG-JIP-100(4/7),On/Off Valve,1001-000-ICS-DWG-JIP-025(4/24),DO,ShangPinKeJi,VTA,,,,,1.0,,INSTRUMENT LIST,140,XV140PP21,140-HOP-02,,Control Element
192,XV140PP22,Scavenger 3 Tailing Hop 140-Hop-02 Discharge Valve,Field,142-029-SPB-SC1-350,1001-142-PRO-DWG-JIP-100(4/7),On/Off Valve,1001-000-ICS-DWG-JIP-025(4/24),DO,ShangPinKeJi,VTA,,,,,1.0,,INSTRUMENT LIST,140,XV140PP22,140-HOP-02,,Control Element
193,FIT170TH01,Scavenger 3 Tailing Hop Discharge Flowmeter,Field,142-031-SPB-SC1-350,1001-142-PRO-DWG-JIP-100(4/7),"Flowmeter, Electromagnetic",1001-000-ICS-DWG-JIP-025(7/24),AI,Guanghua in China,VTA,TBD,VTA,0~578,m³/h,1.0,,INSTRUMENT LIST,140,FIT170TH01,170-TH-01,Flow,Condition / Measurement
194,DIT170TH01,Scavenger 3 Tailing Hop Discharge Density meter,Field,142-031-SPB-SC1-350,1001-142-PRO-DWG-JIP-100(4/7),Density meter,1001-000-ICS-DWG-JIP-025(22/24),AI,Ecophyspribor,VTA,,0~3000,0~3000,kg/m³,1.0,,INSTRUMENT LIST,140,DIT170TH01,170-TH-01,Density,Condition / Measurement
195,PG170TH01,Scavenger 3 Tailing Hop Discharge Pressure,Field,142-031-SPB-SC1-350,1001-142-PRO-DWG-JIP-100(4/7),Pressure Gauge,"1001-000-ICS-DWG-JIP-025(5/24)
/1001-000-ICS-DWG-JIP-025(17/24)",,WIKA,VTA,,0-10,0-10,bar,1.0,,INSTRUMENT LIST,140,PG170TH01,170-TH-01,Pressure,Condition / Measurement
196,FV140TK21,Cleaner 1 Flotation Cell 140-TK-21 Blower Air Control Valve,Field,,1001-142-PRO-DWG-JIP-100(5/7),Air Control Valve,,AO,Vendor To Advise,VTA,,0~100%,0~100%,%,1.0,Vendor supply,INSTRUMENT LIST,140,FV140TK21,140-TK-21,,Control Element
197,FIT140TK21,Cleaner 1 Flotation Cell 140-TK-21 Blower Air Flowmeter,Field,Vendor Package,1001-142-PRO-DWG-JIP-100(5/7),"Flowmeter, Calorimetric",,AI,Vendor To Advise,VTA,7.84,VTA,0~7.84,m³/min,1.0,Vendor supply,INSTRUMENT LIST,140,FIT140TK21,140-TK-21,Flow,Condition / Measurement
198,FV140TK22,Cleaner 1 Flotation Cell 140-TK-22 Blower Air Control Valve,Field,,1001-142-PRO-DWG-JIP-100(5/7),Air Control Valve,,AO,Vendor To Advise,VTA,,0~100%,0~100%,%,1.0,Vendor supply,INSTRUMENT LIST,140,FV140TK22,140-TK-22,,Control Element
199,FIT140TK22,Cleaner 1 Flotation Cell 140-TK-22 Blower Air Flowmeter,Field,Vendor Package,1001-142-PRO-DWG-JIP-100(5/7),"Flowmeter, Calorimetric",,AI,Vendor To Advise,VTA,7.84,VTA,0~7.84,m³/min,1.0,Vendor supply,INSTRUMENT LIST,140,FIT140TK22,140-TK-22,Flow,Condition / Measurement
200,FV140TK23,Cleaner 1 Flotation Cell 140-TK-23 Blower Air Control Valve,Field,,1001-142-PRO-DWG-JIP-100(5/7),Air Control Valve,,AO,Vendor To Advise,VTA,,0~100%,0~100%,%,1.0,Vendor supply,INSTRUMENT LIST,140,FV140TK23,140-TK-23,,Control Element
201,FIT140TK23,Cleaner 1 Flotation Cell 140-TK-23 Blower Air Flowmeter,Field,Vendor Package,1001-142-PRO-DWG-JIP-100(5/7),"Flowmeter, Calorimetric",,AI,Vendor To Advise,VTA,7.84,VTA,0~7.84,m³/min,1.0,Vendor supply,INSTRUMENT LIST,140,FIT140TK23,140-TK-23,Flow,Condition / Measurement
202,FV140TK24,Cleaner 1 Flotation Cell 140-TK-24 Blower Air Control Valve,Field,,1001-142-PRO-DWG-JIP-100(5/7),Air Control Valve,,AO,Vendor To Advise,VTA,,0~100%,0~100%,%,1.0,Vendor supply,INSTRUMENT LIST,140,FV140TK24,140-TK-24,,Control Element
203,FIT140TK24A,Cleaner 1 Flotation Cell 140-TK-24 Blower Air Flowmeter,Field,Vendor Package,1001-142-PRO-DWG-JIP-100(5/7),"Flowmeter, Calorimetric",,AI,Vendor To Advise,VTA,7.84,VTA,0~7.84,m³/min,1.0,Vendor supply,INSTRUMENT LIST,140,FIT140TK24A,140-TK-24,Flow,Condition / Measurement
204,LIT140TK21,Cleaner 1 Flotation Cell Level meter,Field,,1001-142-PRO-DWG-JIP-100(5/7),"Level Transmitter, Ultrasonic",1001-000-ICS-DWG-JIP-025(8/31),AI,Vendor To Advise,VTA,TBD,VTA,0~500,mm,1.0,Vendor supply,INSTRUMENT LIST,140,LIT140TK21,140-TK-21,Level,Condition / Measurement
205,LCV140TK21,Cleaner 1 Flotation Cell Discharge Valve Position Feedback,Field,,1001-142-PRO-DWG-JIP-100(5/7),Air Modulation Actuator,,AI,Vendor To Advise,VTA,,0~100%,0~100%,%,1.0,Vendor supply,INSTRUMENT LIST,140,LCV140TK21,140-TK-21,Position,Control Element
207,LIT140HP06,Cleaner 1 Tailing Hop Level meter,Field,,1001-142-PRO-DWG-JIP-100(5/7),"Level Transmitter, Ultrasonic",1001-000-ICS-DWG-JIP-025(8/31),AI,Siemens/E+H,VTA,TBD,VTA,0~1530,mm,1.0,,INSTRUMENT LIST,140,LIT140HP06,140-HP-06,Level,Condition / Measurement
208,XV140PP23,Cleaner 1 Tailing Hop Discharge Valve,Field,142-035-SPB-SC1-200,1001-142-PRO-DWG-JIP-100(5/7),On/Off Valve,1001-000-ICS-DWG-JIP-025(4/24),DO,ShangPinKeJi,VTA,,,,,1.0,,INSTRUMENT LIST,140,XV140PP23,140-PP-23,,Control Element
209,XV140PP24,Cleaner 1 Tailing Hop Discharge Valve,Field,142-036-SPB-SC1-200,1001-142-PRO-DWG-JIP-100(5/7),On/Off Valve,1001-000-ICS-DWG-JIP-025(4/24),DO,ShangPinKeJi,VTA,,,,,1.0,,INSTRUMENT LIST,140,XV140PP24,140-PP-24,,Control Element
210,FIT140TK06D,Cleaner 1 Tailing Hop Discharge Flowmeter,Field,142-037-SPB-SC1-150,1001-142-PRO-DWG-JIP-100(5/7),"Flowmeter, Electromagnetic",1001-000-ICS-DWG-JIP-025(7/24),AI,Guanghua in China,VTA,TBD,VTA,0~126,m³/h,1.0,,INSTRUMENT LIST,140,FIT140TK06D,140-TK-06,Flow,Condition / Measurement
211,PG140TK06D,Cleaner 1 Tailing Hop Discharge Pressure Gauge,Field,142-037-SPB-SC1-150,1001-142-PRO-DWG-JIP-100(5/7),Pressure Gauge,"1001-000-ICS-DWG-JIP-025(5/24)
/1001-000-ICS-DWG-JIP-025(17/24)",,WIKA,VTA,,0-10,0-10,bar,1.0,,INSTRUMENT LIST,140,PG140TK06D,140-TK-06,Pressure,Condition / Measurement
212,FV140TK25,Cleaner 2 Flotation Cell 140-TK-25 Blower Air Control Valve,Field,,1001-142-PRO-DWG-JIP-100(6/7),Air Control Valve,,AO,Vendor To Advise,VTA,,0~100%,0~100%,%,1.0,Vendor supply,INSTRUMENT LIST,140,FV140TK25,140-TK-25,,Control Element
213,FIT140TK25,Cleaner 2 Flotation Cell 140-TK-25 Blower Air Flowmeter,Field,Vendor Package,1001-142-PRO-DWG-JIP-100(6/7),"Flowmeter, Calorimetric",,AI,Vendor To Advise,VTA,7.84,VTA,0~7.84,m³/min,1.0,Vendor supply,INSTRUMENT LIST,140,FIT140TK25,140-TK-25,Flow,Condition / Measurement
214,FV140TK26,Cleaner 2 Flotation Cell 140-TK-26 Blower Air Control Valve,Field,,1001-142-PRO-DWG-JIP-100(6/7),Air Control Valve,,AO,Vendor To Advise,VTA,,0~100%,0~100%,%,1.0,Vendor supply,INSTRUMENT LIST,140,FV140TK26,140-TK-26,,Control Element
215,FIT140TK26,Cleaner 2 Flotation Cell 140-TK-26 Blower Air Flowmeter,Field,Vendor Package,1001-142-PRO-DWG-JIP-100(6/7),"Flowmeter, Calorimetric",,AI,Vendor To Advise,VTA,7.84,VTA,0~7.84,m³/min,1.0,Vendor supply,INSTRUMENT LIST,140,FIT140TK26,140-TK-26,Flow,Condition / Measurement
216,FV140TK27,Cleaner 2 Flotation Cell 140-TK-27 Blower Air Control Valve,Field,,1001-142-PRO-DWG-JIP-100(6/7),Air Control Valve,,AO,Vendor To Advise,VTA,,0~100%,0~100%,%,1.0,Vendor supply,INSTRUMENT LIST,140,FV140TK27,140-TK-27,,Control Element
217,FIT140TK27,Cleaner 2 Flotation Cell 140-TK-27 Blower Air Flowmeter,Field,Vendor Package,1001-142-PRO-DWG-JIP-100(6/7),"Flowmeter, Calorimetric",,AI,Vendor To Advise,VTA,7.84,VTA,0~7.84,m³/min,1.0,Vendor supply,INSTRUMENT LIST,140,FIT140TK27,140-TK-27,Flow,Condition / Measurement
218,FV140TK28,Cleaner 2 Flotation Cell 140-TK-28 Blower Air Control Valve,Field,,1001-142-PRO-DWG-JIP-100(6/7),Air Control Valve,,AO,Vendor To Advise,VTA,,0~100%,0~100%,%,1.0,Vendor supply,INSTRUMENT LIST,140,FV140TK28,140-TK-28,,Control Element
219,FIT140TK28,Cleaner 2 Flotation Cell 140-TK-28 Blower Air Flowmeter,Field,Vendor Package,1001-142-PRO-DWG-JIP-100(6/7),"Flowmeter, Calorimetric",,AI,Vendor To Advise,VTA,7.84,VTA,0~7.84,m³/min,1.0,Vendor supply,INSTRUMENT LIST,140,FIT140TK28,140-TK-28,Flow,Condition / Measurement
220,LIT140TK25,Cleaner 2 Flotation Cell Level meter,Field,,1001-142-PRO-DWG-JIP-100(6/7),"Level Transmitter, Ultrasonic",1001-000-ICS-DWG-JIP-025(8/31),AI,Vendor To Advise,VTA,TBD,VTA,0~500,mm,1.0,Vendor supply,INSTRUMENT LIST,140,LIT140TK25,140-TK-25,Level,Condition / Measurement
221,LCV140TK25,Cleaner 2 Flotation Cell Control Valve Position Feedback,Field,,1001-142-PRO-DWG-JIP-100(6/7),Air Modulation Actuator,,AI,Vendor To Advise,VTA,,0~100%,0~100%,%,1.0,Vendor supply,INSTRUMENT LIST,140,LCV140TK25,140-TK-25,Position,Control Element
223,FV140TK29,Cleaner 3 Flotation Cell 140-TK-29 Blower Air Control Valve,Field,,1001-142-PRO-DWG-JIP-100(7/7),Air Control Valve,,AO,Vendor To Advise,VTA,,0~100%,0~100%,%,1.0,Vendor supply,INSTRUMENT LIST,140,FV140TK29,140-TK-29,,Control Element
224,FIT140TK29,Cleaner 3 Flotation Cell 140-TK-29 Blower Air Flowmeter,Field,Vendor Package,1001-142-PRO-DWG-JIP-100(7/7),"Flowmeter, Calorimetric",,AI,Vendor To Advise,VTA,7.84,VTA,0~7.84,m³/min,1.0,Vendor supply,INSTRUMENT LIST,140,FIT140TK29,140-TK-29,Flow,Condition / Measurement
225,FV140TK30,Cleaner 3 Flotation Cell 140-TK-30 Blower Air Control Valve,Field,,1001-142-PRO-DWG-JIP-100(7/7),Air Control Valve,,AO,Vendor To Advise,VTA,,0~100%,0~100%,%,1.0,Vendor supply,INSTRUMENT LIST,140,FV140TK30,140-TK-30,,Control Element
226,FIT140TK30,Cleaner 3 Flotation Cell 140-TK-30 Blower Air Flowmeter,Field,Vendor Package,1001-142-PRO-DWG-JIP-100(7/7),"Flowmeter, Calorimetric",,AI,Vendor To Advise,VTA,7.84,VTA,0~7.84,m³/min,1.0,Vendor supply,INSTRUMENT LIST,140,FIT140TK30,140-TK-30,Flow,Condition / Measurement
227,FV140TK31,Cleaner 3 Flotation Cell 140-TK-31 Blower Air Control Valve,Field,,1001-142-PRO-DWG-JIP-100(7/7),Air Control Valve,,AO,Vendor To Advise,VTA,,0~100%,0~100%,%,1.0,Vendor supply,INSTRUMENT LIST,140,FV140TK31,140-TK-31,,Control Element
228,FIT140TK31,Cleaner 3 Flotation Cell 140-TK-31 Blower Air Flowmeter,Field,Vendor Package,1001-142-PRO-DWG-JIP-100(7/7),"Flowmeter, Calorimetric",,AI,Vendor To Advise,VTA,7.84,VTA,0~7.84,m³/min,1.0,Vendor supply,INSTRUMENT LIST,140,FIT140TK31,140-TK-31,Flow,Condition / Measurement
229,LIT140TK29,Cleaner 3 Flotation Cell Level meter,Field,,1001-142-PRO-DWG-JIP-100(7/7),"Level Transmitter, Ultrasonic",1001-000-ICS-DWG-JIP-025(8/31),AI,Vendor To Advise,VTA,TBD,VTA,0~500,mm,1.0,Vendor supply,INSTRUMENT LIST,140,LIT140TK29,140-TK-29,Level,Condition / Measurement
230,LCV140TK29,Cleaner 3 Flotation Cell Control Valve Position Feedback,Field,,1001-142-PRO-DWG-JIP-100(7/7),Air Modulation Actuator,,AI,Vendor To Advise,VTA,,0~100%,0~100%,%,1.0,Vendor supply,INSTRUMENT LIST,140,LCV140TK29,140-TK-29,Position,Control Element
232,LIT140HP07,Cleaner 3 Concentrate Hop 140-Hop-07 Level meter,Field,,1001-142-PRO-DWG-JIP-100(7/7),"Level Transmitter, Ultrasonic",1001-000-ICS-DWG-JIP-025(8/31),AI,Siemens/E+H,VTA,TBD,VTA,0~1530,mm,1.0,,INSTRUMENT LIST,140,LIT140HP07,140-HOP-07,Level,Condition / Measurement
233,XV140PP25,Cleaner 3 Concentrate Hop 140-Hop-07 Discharge Valve,Field,142-048-SPB-SC1-100,1001-142-PRO-DWG-JIP-100(7/7),On/Off Valve,1001-000-ICS-DWG-JIP-025(4/24),DO,ShangPinKeJi,VTA,,,,,1.0,,INSTRUMENT LIST,140,XV140PP25,140-HOP-07,,Control Element
234,XV140PP26,Cleaner 3 Concentrate Hop 140-Hop-07 Discharge Valve,Field,142-049-SPB-SC1-100,1001-142-PRO-DWG-JIP-100(7/7),On/Off Valve,1001-000-ICS-DWG-JIP-025(4/24),DO,ShangPinKeJi,VTA,,,,,1.0,,INSTRUMENT LIST,140,XV140PP26,140-HOP-07,,Control Element
235,SV140PP21,Pulp 140-PP-21 Gland Seal Water Solenoid Valve,Field,142-013-WGL-SC1-25,1001-142-PRO-DWG-JIP-100(4/7),Solenoid Valve,,DO,Norgren,VTA,,,,,1.0,,INSTRUMENT LIST,140,SV140PP21,140-PP-21,,Control Element
236,SV140PP22,Pulp 140-PP-22 Gland Seal Water Solenoid Valve,Field,142-014-WGL-SC1-25,1001-142-PRO-DWG-JIP-100(4/7),Solenoid Valve,,DO,Norgren,VTA,,,,,1.0,,INSTRUMENT LIST,140,SV140PP22,140-PP-22,,Control Element
237,SV140PP23,Pulp 140-PP-23 Gland Seal Water Solenoid Valve,Field,142-009-WGL-SC1-25,1001-142-PRO-DWG-JIP-100(5/7),Solenoid Valve,,DO,Norgren,VTA,,,,,1.0,,INSTRUMENT LIST,140,SV140PP23,140-PP-23,,Control Element
238,SV140PP24,Pulp 140-PP-24 Gland Seal Water Solenoid Valve,Field,142-010-WGL-SC1-25,1001-142-PRO-DWG-JIP-100(5/7),Solenoid Valve,,DO,Norgren,VTA,,,,,1.0,,INSTRUMENT LIST,140,SV140PP24,140-PP-24,,Control Element
239,SV140PP25,Pulp 140-PP-25 Gland Seal Water Solenoid Valve,Field,142-011-WGL-SC1-25,1001-142-PRO-DWG-JIP-100(7/7),Solenoid Valve,,DO,Norgren,VTA,,,,,1.0,,INSTRUMENT LIST,140,SV140PP25,140-PP-25,,Control Element
240,SV140PP26,Pulp 140-PP-26 Gland Seal Water Solenoid Valve,Field,142-012-WGL-SC1-25,1001-142-PRO-DWG-JIP-100(7/7),Solenoid Valve,,DO,Norgren,VTA,,,,,1.0,,INSTRUMENT LIST,140,SV140PP26,140-PP-26,,Control Element
241,FSL140PP21,Pulp 140-PP-21 Gland Seal Water Flow Switch,Field,142-013-WGL-SC1-25,1001-142-PRO-DWG-JIP-100(4/7),Flow Switch,1001-000-ICS-DWG-JIP-025(10/24),DI,WIKA/IFM,VTA,TBD,0-3,0-3,m/s,1.0,,INSTRUMENT LIST,140,FSL140PP21,140-PP-21,Flow,Protection / Interlock
242,FSL140PP22,Pulp 140-PP-22 Gland Seal Water Flow Switch,Field,142-014-WGL-SC1-25,1001-142-PRO-DWG-JIP-100(4/7),Flow Switch,1001-000-ICS-DWG-JIP-025(10/24),DI,WIKA/IFM,VTA,TBD,0-3,0-3,m/s,1.0,,INSTRUMENT LIST,140,FSL140PP22,140-PP-22,Flow,Protection / Interlock
243,FSL140PP23,Pulp 140-PP-23 Gland Seal Water Flow Switch,Field,142-009-WGL-SC1-25,1001-142-PRO-DWG-JIP-100(5/7),Flow Switch,1001-000-ICS-DWG-JIP-025(10/24),DI,WIKA/IFM,VTA,TBD,0-3,0-3,m/s,1.0,,INSTRUMENT LIST,140,FSL140PP23,140-PP-23,Flow,Protection / Interlock
244,FSL140PP24,Pulp 140-PP-24 Gland Seal Water Flow Switch,Field,142-010-WGL-SC1-25,1001-142-PRO-DWG-JIP-100(5/7),Flow Switch,1001-000-ICS-DWG-JIP-025(10/24),DI,WIKA/IFM,VTA,TBD,0-3,0-3,m/s,1.0,,INSTRUMENT LIST,140,FSL140PP24,140-PP-24,Flow,Protection / Interlock
245,FSL140PP25,Pulp 140-PP-25 Gland Seal Water Flow Switch,Field,142-011-WGL-SC1-25,1001-142-PRO-DWG-JIP-100(7/7),Flow Switch,1001-000-ICS-DWG-JIP-025(10/24),DI,WIKA/IFM,VTA,TBD,0-3,0-3,m/s,1.0,,INSTRUMENT LIST,140,FSL140PP25,140-PP-25,Flow,Protection / Interlock
246,FSL140PP26,Pulp 140-PP-26 Gland Seal Water Flow Switch,Field,142-012-WGL-SC1-25,1001-142-PRO-DWG-JIP-100(7/7),Flow Switch,1001-000-ICS-DWG-JIP-025(10/24),DI,WIKA/IFM,VTA,TBD,0-3,0-3,m/s,1.0,,INSTRUMENT LIST,140,FSL140PP26,140-PP-26,Flow,Protection / Interlock
247,PG140PP21,Pulp 140-PP-21 Gland Seal Water Pressure Gauge,Field,142-013-WGL-SC1-25,1001-142-PRO-DWG-JIP-100(4/7),Pressure Gauge,"1001-000-ICS-DWG-JIP-025(5/24)
/1001-000-ICS-DWG-JIP-025(17/24)",,WIKA,VTA,,0-10,0-10,bar,1.0,,INSTRUMENT LIST,140,PG140PP21,140-PP-21,Pressure,Condition / Measurement
248,PG140PP22,Pulp 140-PP-22 Gland Seal Water Pressure Gauge,Field,142-014-WGL-SC1-25,1001-142-PRO-DWG-JIP-100(4/7),Pressure Gauge,"1001-000-ICS-DWG-JIP-025(5/24)
/1001-000-ICS-DWG-JIP-025(17/24)",,WIKA,VTA,,0-10,0-10,bar,1.0,,INSTRUMENT LIST,140,PG140PP22,140-PP-22,Pressure,Condition / Measurement
249,PG140PP23,Pulp 140-PP-23 Gland Seal Water Pressure Gauge,Field,142-009-WGL-SC1-25,1001-142-PRO-DWG-JIP-100(5/7),Pressure Gauge,"1001-000-ICS-DWG-JIP-025(5/24)
/1001-000-ICS-DWG-JIP-025(17/24)",,WIKA,VTA,,0-10,0-10,bar,1.0,,INSTRUMENT LIST,140,PG140PP23,140-PP-23,Pressure,Condition / Measurement
250,PG140PP24,Pulp 140-PP-24 Gland Seal Water Pressure Gauge,Field,142-010-WGL-SC1-25,1001-142-PRO-DWG-JIP-100(5/7),Pressure Gauge,"1001-000-ICS-DWG-JIP-025(5/24)
/1001-000-ICS-DWG-JIP-025(17/24)",,WIKA,VTA,,0-10,0-10,bar,1.0,,INSTRUMENT LIST,140,PG140PP24,140-PP-24,Pressure,Condition / Measurement
251,PG140PP25,Pulp 140-PP-25 Gland Seal Water Pressure Gauge,Field,142-011-WGL-SC1-25,1001-142-PRO-DWG-JIP-100(7/7),Pressure Gauge,"1001-000-ICS-DWG-JIP-025(5/24)
/1001-000-ICS-DWG-JIP-025(17/24)",,WIKA,VTA,,0-10,0-10,bar,1.0,,INSTRUMENT LIST,140,PG140PP25,140-PP-25,Pressure,Condition / Measurement
252,PG140PP26,Pulp 140-PP-26 Gland Seal Water Pressure Gauge,Field,142-012-WGL-SC1-25,1001-142-PRO-DWG-JIP-100(7/7),Pressure Gauge,"1001-000-ICS-DWG-JIP-025(5/24)
/1001-000-ICS-DWG-JIP-025(17/24)",,WIKA,VTA,,0-10,0-10,bar,1.0,,INSTRUMENT LIST,140,PG140PP26,140-PP-26,Pressure,Condition / Measurement
253,SV140PP13,Pulp 140-PP-13 Gland Seal Water Solenoid Valve,Field,142-001-WGL-SC1-25,1001-142-PRO-DWG-JIP-100(1/7),Solenoid Valve,,DO,Norgren,VTA,,,,,1.0,,INSTRUMENT LIST,140,SV140PP13,140-PP-13,,Control Element
254,SV140PP14,Pulp 140-PP-14 Gland Seal Water Solenoid Valve,Field,142-002-WGL-SC1-25,1001-142-PRO-DWG-JIP-100(1/7),Solenoid Valve,,DO,Norgren,VTA,,,,,1.0,,INSTRUMENT LIST,140,SV140PP14,140-PP-14,,Control Element
255,SV140PP15,Pulp 140-PP-15 Gland Seal Water Solenoid Valve,Field,142-003-WGL-SC1-25,1001-142-PRO-DWG-JIP-100(2/7),Solenoid Valve,,DO,Norgren,VTA,,,,,1.0,,INSTRUMENT LIST,140,SV140PP15,140-PP-15,,Control Element
256,SV140PP16,Pulp 140-PP-16 Gland Seal Water Solenoid Valve,Field,142-004-WGL-SC1-25,1001-142-PRO-DWG-JIP-100(2/7),Solenoid Valve,,DO,Norgren,VTA,,,,,1.0,,INSTRUMENT LIST,140,SV140PP16,140-PP-16,,Control Element
257,SV140PP17,Pulp 140-PP-17 Gland Seal Water Solenoid Valve,Field,142-005-WGL-SC1-25,1001-142-PRO-DWG-JIP-100(3/7),Solenoid Valve,,DO,Norgren,VTA,,,,,1.0,,INSTRUMENT LIST,140,SV140PP17,140-PP-17,,Control Element
258,SV140PP18,Pulp 140-PP-18 Gland Seal Water Solenoid Valve,Field,142-006-WGL-SC1-25,1001-142-PRO-DWG-JIP-100(3/7),Solenoid Valve,,DO,Norgren,VTA,,,,,1.0,,INSTRUMENT LIST,140,SV140PP18,140-PP-18,,Control Element
259,SV140PP19,Pulp 140-PP-19 Gland Seal Water Solenoid Valve,Field,142-007-WGL-SC1-25,1001-142-PRO-DWG-JIP-100(4/7),Solenoid Valve,,DO,Norgren,VTA,,,,,1.0,,INSTRUMENT LIST,140,SV140PP19,140-PP-19,,Control Element
260,SV140PP20,Pulp 140-PP-20 Gland Seal Water Solenoid Valve,Field,142-008-WGL-SC1-25,1001-142-PRO-DWG-JIP-100(4/7),Solenoid Valve,,DO,Norgren,VTA,,,,,1.0,,INSTRUMENT LIST,140,SV140PP20,140-PP-20,,Control Element
261,FSL140PP13,Pulp 140-PP-13 Gland Seal Water Flow Switch,Field,142-001-WGL-SC1-25,1001-142-PRO-DWG-JIP-100(1/7),Flow Switch,1001-000-ICS-DWG-JIP-025(10/24),DI,WIKA/IFM,VTA,TBD,0-3,0-3,m/s,1.0,,INSTRUMENT LIST,140,FSL140PP13,140-PP-13,Flow,Protection / Interlock
262,FSL140PP14,Pulp 140-PP-14 Gland Seal Water Flow Switch,Field,142-002-WGL-SC1-25,1001-142-PRO-DWG-JIP-100(1/7),Flow Switch,1001-000-ICS-DWG-JIP-025(10/24),DI,WIKA/IFM,VTA,TBD,0-3,0-3,m/s,1.0,,INSTRUMENT LIST,140,FSL140PP14,140-PP-14,Flow,Protection / Interlock
263,FSL140PP15,Pulp 140-PP-15 Gland Seal Water Flow Switch,Field,142-003-WGL-SC1-25,1001-142-PRO-DWG-JIP-100(2/7),Flow Switch,1001-000-ICS-DWG-JIP-025(10/24),DI,WIKA/IFM,VTA,TBD,0-3,0-3,m/s,1.0,,INSTRUMENT LIST,140,FSL140PP15,140-PP-15,Flow,Protection / Interlock
264,FSL140PP16,Pulp 140-PP-16 Gland Seal Water Flow Switch,Field,142-004-WGL-SC1-25,1001-142-PRO-DWG-JIP-100(2/7),Flow Switch,1001-000-ICS-DWG-JIP-025(10/24),DI,WIKA/IFM,VTA,TBD,0-3,0-3,m/s,1.0,,INSTRUMENT LIST,140,FSL140PP16,140-PP-16,Flow,Protection / Interlock
265,FSL140PP17,Pulp 140-PP-17 Gland Seal Water Flow Switch,Field,142-005-WGL-SC1-25,1001-142-PRO-DWG-JIP-100(3/7),Flow Switch,1001-000-ICS-DWG-JIP-025(10/24),DI,WIKA/IFM,VTA,TBD,0-3,0-3,m/s,1.0,,INSTRUMENT LIST,140,FSL140PP17,140-PP-17,Flow,Protection / Interlock
266,FSL140PP18,Pulp 140-PP-18 Gland Seal Water Flow Switch,Field,142-006-WGL-SC1-25,1001-142-PRO-DWG-JIP-100(3/7),Flow Switch,1001-000-ICS-DWG-JIP-025(10/24),DI,WIKA/IFM,VTA,TBD,0-3,0-3,m/s,1.0,,INSTRUMENT LIST,140,FSL140PP18,140-PP-18,Flow,Protection / Interlock
267,FSL140PP19,Pulp 140-PP-19 Gland Seal Water Flow Switch,Field,142-007-WGL-SC1-25,1001-142-PRO-DWG-JIP-100(4/7),Flow Switch,1001-000-ICS-DWG-JIP-025(10/24),DI,WIKA/IFM,VTA,TBD,0-3,0-3,m/s,1.0,,INSTRUMENT LIST,140,FSL140PP19,140-PP-19,Flow,Protection / Interlock
268,FSL140PP20,Pulp 140-PP-20 Gland Seal Water Flow Switch,Field,142-008-WGL-SC1-25,1001-142-PRO-DWG-JIP-100(4/7),Flow Switch,1001-000-ICS-DWG-JIP-025(10/24),DI,WIKA/IFM,VTA,TBD,0-3,0-3,m/s,1.0,,INSTRUMENT LIST,140,FSL140PP20,140-PP-20,Flow,Protection / Interlock
269,PG140PP13,Pulp 140-PP-13 Gland Seal Water Pressure Gauge,Field,142-001-WGL-SC1-25,1001-142-PRO-DWG-JIP-100(1/7),Pressure Gauge,"1001-000-ICS-DWG-JIP-025(5/24)
/1001-000-ICS-DWG-JIP-025(17/24)",,WIKA,VTA,,0-10,0-10,bar,1.0,,INSTRUMENT LIST,140,PG140PP13,140-PP-13,Pressure,Condition / Measurement
270,PG140PP14,Pulp 140-PP-14 Gland Seal Water Pressure Gauge,Field,142-002-WGL-SC1-25,1001-142-PRO-DWG-JIP-100(1/7),Pressure Gauge,"1001-000-ICS-DWG-JIP-025(5/24)
/1001-000-ICS-DWG-JIP-025(17/24)",,WIKA,VTA,,0-10,0-10,bar,1.0,,INSTRUMENT LIST,140,PG140PP14,140-PP-14,Pressure,Condition / Measurement
271,PG140PP15,Pulp 140-PP-15 Gland Seal Water Pressure Gauge,Field,142-003-WGL-SC1-25,1001-142-PRO-DWG-JIP-100(2/7),Pressure Gauge,"1001-000-ICS-DWG-JIP-025(5/24)
/1001-000-ICS-DWG-JIP-025(17/24)",,WIKA,VTA,,0-10,0-10,bar,1.0,,INSTRUMENT LIST,140,PG140PP15,140-PP-15,Pressure,Condition / Measurement
272,PG140PP16,Pulp 140-PP-16 Gland Seal Water Pressure Gauge,Field,142-004-WGL-SC1-25,1001-142-PRO-DWG-JIP-100(2/7),Pressure Gauge,"1001-000-ICS-DWG-JIP-025(5/24)
/1001-000-ICS-DWG-JIP-025(17/24)",,WIKA,VTA,,0-10,0-10,bar,1.0,,INSTRUMENT LIST,140,PG140PP16,140-PP-16,Pressure,Condition / Measurement
273,PG140PP17,Pulp 140-PP-17 Gland Seal Water Pressure Gauge,Field,142-005-WGL-SC1-25,1001-142-PRO-DWG-JIP-100(3/7),Pressure Gauge,"1001-000-ICS-DWG-JIP-025(5/24)
/1001-000-ICS-DWG-JIP-025(17/24)",,WIKA,VTA,,0-10,0-10,bar,1.0,,INSTRUMENT LIST,140,PG140PP17,140-PP-17,Pressure,Condition / Measurement
274,PG140PP18,Pulp 140-PP-18 Gland Seal Water Pressure Gauge,Field,142-006-WGL-SC1-25,1001-142-PRO-DWG-JIP-100(3/7),Pressure Gauge,"1001-000-ICS-DWG-JIP-025(5/24)
/1001-000-ICS-DWG-JIP-025(17/24)",,WIKA,VTA,,0-10,0-10,bar,1.0,,INSTRUMENT LIST,140,PG140PP18,140-PP-18,Pressure,Condition / Measurement
275,PG140PP19,Pulp 140-PP-19 Gland Seal Water Pressure Gauge,Field,142-007-WGL-SC1-25,1001-142-PRO-DWG-JIP-100(4/7),Pressure Gauge,"1001-000-ICS-DWG-JIP-025(5/24)
/1001-000-ICS-DWG-JIP-025(17/24)",,WIKA,VTA,,0-10,0-10,bar,1.0,,INSTRUMENT LIST,140,PG140PP19,140-PP-19,Pressure,Condition / Measurement
276,PG140PP20,Pulp 140-PP-20 Gland Seal Water Pressure Gauge,Field,142-008-WGL-SC1-25,1001-142-PRO-DWG-JIP-100(4/7),Pressure Gauge,"1001-000-ICS-DWG-JIP-025(5/24)
/1001-000-ICS-DWG-JIP-025(17/24)",,WIKA,VTA,,0-10,0-10,bar,1.0,,INSTRUMENT LIST,140,PG140PP20,140-PP-20,Pressure,Condition / Measurement
277,FIT140TH01,Cleaner 3 Concentrate Discharge Flowmeter,Field,142-051-SPB-SC1-80,1001-142-PRO-DWG-JIP-100(7/7),"Flowmeter, Electromagnetic",1001-000-ICS-DWG-JIP-025(7/24),AI,Guanghua in China,VTA,TBD,VTA,43.6,m³/h,1.0,,INSTRUMENT LIST,140,FIT140TH01,140-TH-01,Flow,Condition / Measurement
278,DIT140TH01,Cleaner 3 Concentrate Discharge Density Meter,Field,142-051-SPB-SC1-80,1001-142-PRO-DWG-JIP-100(7/7),Density meter,1001-000-ICS-DWG-JIP-025(22/24),AI,Ecophyspribor,VTA,,0~3000,0~3000,kg/m³,1.0,,INSTRUMENT LIST,140,DIT140TH01,140-TH-01,Density,Condition / Measurement
279,PG140TH01A,Cleaner 3 Concentrate Discharge Pressure Gauge,Field,142-051-SPB-SC1-80,1001-142-PRO-DWG-JIP-100(7/7),Pressure Gauge,"1001-000-ICS-DWG-JIP-025(5/24)
/1001-000-ICS-DWG-JIP-025(17/24)",,WIKA,VTA,,0-10,0-10,bar,1.0,,INSTRUMENT LIST,140,PG140TH01A,140-TH-01,Pressure,Condition / Measurement
280,XV140PP29,Flotation Concentrate Thickener 140-TH-01  Discharge Valve,Field,146-002-SPB-SC1-65,1001-146-PRO-DWG-JIP-100(1/2),On/Off Valve,1001-000-ICS-DWG-JIP-025(4/24),DO,ShangPinKeJi,VTA,,,,,1.0,,INSTRUMENT LIST,140,XV140PP29,140-TH-01,,Control Element
281,XV140PP30,Flotation Concentrate Thickener 140-TH-01  Discharge Valve,Field,146-003-SPB-SC1-65,1001-146-PRO-DWG-JIP-100(1/2),On/Off Valve,1001-000-ICS-DWG-JIP-025(4/24),DO,ShangPinKeJi,VTA,,,,,1.0,,INSTRUMENT LIST,140,XV140PP30,140-TH-01,,Control Element
282,XV140BX01,Flotation Concentrate Thickener 140-TH-01  Discharge Valve,Field,146-006-SPB-SC1-65,1001-146-PRO-DWG-JIP-100(1/2),On/Off Valve,1001-000-ICS-DWG-JIP-025(4/24),DO,ShangPinKeJi,VTA,,,,,1.0,,INSTRUMENT LIST,140,XV140BX01,140-TH-01,,Control Element
283,LIT140TK32,Flotation Concentrate Thickener O/F Tank Level meter,Field,,1001-146-PRO-DWG-JIP-100(1/2),"Level Transmitter, Ultrasonic",1001-000-ICS-DWG-JIP-025(8/31),AI,Siemens/E+H,VTA,TBD,VTA,0~2500,mm,1.0,,INSTRUMENT LIST,140,LIT140TK32,140-TK-32,Level,Condition / Measurement
284,PG220TK03,Flotation Concentrate Thickener O/F Pressure Gauge,Field,146-006-WPR-SC1-125,1001-146-PRO-DWG-JIP-100(1/2),Pressure Gauge,"1001-000-ICS-DWG-JIP-025(5/24)
/1001-000-ICS-DWG-JIP-025(17/24)",,WIKA,VTA,,0-10,0-10,bar,1.0,,INSTRUMENT LIST,140,PG220TK03,220-TK-03,Pressure,Condition / Measurement
285,PG140BX01,Flotation Concentrate Thickener 140-TH-01  Discharge Pressure Gauge,Field,146-006-SPB-SC1-65,1001-146-PRO-DWG-JIP-100(1/2),Pressure Gauge,"1001-000-ICS-DWG-JIP-025(5/24)
/1001-000-ICS-DWG-JIP-025(17/24)",,WIKA,VTA,,0-10,0-10,bar,1.0,,INSTRUMENT LIST,140,PG140BX01,140-TH-01,Pressure,Condition / Measurement
286,PG140PP29,Pulp 140-PP-29 Gland Seal Water Pressure Gauge,Field,146-002-WGL-SC1-25,1001-146-PRO-DWG-JIP-100(1/2),Pressure Gauge,"1001-000-ICS-DWG-JIP-025(5/24)
/1001-000-ICS-DWG-JIP-025(17/24)",,WIKA,VTA,,0-10,0-10,bar,1.0,,INSTRUMENT LIST,140,PG140PP29,140-PP-29,Pressure,Condition / Measurement
287,PG140PP30,Pulp 140-PP-30 Gland Seal Water Pressure Gauge,Field,146-003-WGL-SC1-25,1001-146-PRO-DWG-JIP-100(1/2),Pressure Gauge,"1001-000-ICS-DWG-JIP-025(5/24)
/1001-000-ICS-DWG-JIP-025(17/24)",,WIKA,VTA,,0-10,0-10,bar,1.0,,INSTRUMENT LIST,140,PG140PP30,140-PP-30,Pressure,Condition / Measurement
288,SV140PP29,Pulp 140-PP-29 Gland Seal Water Solenoid Valve,Field,146-002-WGL-SC1-25,1001-146-PRO-DWG-JIP-100(1/2),Solenoid Valve,,DO,Norgren,VTA,,,,,1.0,,INSTRUMENT LIST,140,SV140PP29,140-PP-29,,Control Element
289,SV140PP30,Pulp 140-PP-30 Gland Seal Water Solenoid Valve,Field,146-003-WGL-SC1-25,1001-146-PRO-DWG-JIP-100(1/2),Solenoid Valve,,DO,Norgren,VTA,,,,,1.0,,INSTRUMENT LIST,140,SV140PP30,140-PP-30,,Control Element
290,FSL140PP29,Pulp 140-PP-29 Gland Seal Water Flow Switch,Field,146-002-WGL-SC1-25,1001-146-PRO-DWG-JIP-100(1/2),Flow Switch,1001-000-ICS-DWG-JIP-025(10/24),DI,WIKA/IFM,VTA,TBD,0-3,0-3,m/s,1.0,,INSTRUMENT LIST,140,FSL140PP29,140-PP-29,Flow,Protection / Interlock
291,FSL140PP30,Pulp 140-PP-30 Gland Seal Water Flow Switch,Field,146-003-WGL-SC1-25,1001-146-PRO-DWG-JIP-100(1/2),Flow Switch,1001-000-ICS-DWG-JIP-025(10/24),DI,WIKA/IFM,VTA,TBD,0-3,0-3,m/s,1.0,,INSTRUMENT LIST,140,FSL140PP30,140-PP-30,Flow,Protection / Interlock
292,LIT140TK33,Concentrate Ceramics Filter Water Tank 140-TK-33 Level Meter,Field,,1001-146-PRO-DWG-JIP-100(2/2),"Level Transmitter, Ultrasonic",1001-000-ICS-DWG-JIP-025(8/31),AI,Siemens/E+H,VTA,TBD,VTA,1500~0,mm,1.0,,INSTRUMENT LIST,140,LIT140TK33,140-TK-33,Level,Condition / Measurement
293,PG140TH01B,Concentrate Ceramics Filter Water Tank 140-TK-33 Pressure Gauge,Field,146-014-WPR-SC1-50,1001-146-PRO-DWG-JIP-100(2/2),Pressure Gauge,"1001-000-ICS-DWG-JIP-025(5/24)
/1001-000-ICS-DWG-JIP-025(17/24)",,WIKA,VTA,,0-10,0-10,bar,1.0,,INSTRUMENT LIST,140,PG140TH01B,140-TK-33,Pressure,Condition / Measurement
294,SV140PP27,Conc Thic O/F Pump 140-PP-27 Gland Seal Water Solenoid Valve,Field,146-004-WGL-SC1-25,1001-146-PRO-DWG-JIP-100(1/2),Solenoid Valve,,DO,Norgren,VTA,,,,,1.0,,INSTRUMENT LIST,140,SV140PP27,140-PP-27,,Control Element
295,SV140PP28,Conc Thic O/F Pump 140-PP-28 Gland Seal Water Solenoid Valve,Field,146-005-WGL-SC1-25,1001-146-PRO-DWG-JIP-100(1/2),Solenoid Valve,,DO,Norgren,VTA,,,,,1.0,,INSTRUMENT LIST,140,SV140PP28,140-PP-28,,Control Element
296,FSL140PP27,Conc Thic O/F Pump 140-PP-27 Gland Seal Water Flow Switch,Field,146-004-WGL-SC1-25,1001-146-PRO-DWG-JIP-100(1/2),Flow Switch,1001-000-ICS-DWG-JIP-025(10/24),DI,WIKA/IFM,VTA,TBD,0-3,0-3,m/s,1.0,,INSTRUMENT LIST,140,FSL140PP27,140-PP-27,Flow,Protection / Interlock
297,FSL140PP28,Conc Thic O/F Pump 140-PP-28 Gland Seal Water Flow Switch,Field,146-005-WGL-SC1-25,1001-146-PRO-DWG-JIP-100(1/2),Flow Switch,1001-000-ICS-DWG-JIP-025(10/24),DI,WIKA/IFM,VTA,TBD,0-3,0-3,m/s,1.0,,INSTRUMENT LIST,140,FSL140PP28,140-PP-28,Flow,Protection / Interlock
298,PG140PP27,Conc Thic O/F Pump 140-PP-27 Gland Seal Water  Pressure Gauge,Field,146-004-WGL-SC1-25,1001-146-PRO-DWG-JIP-100(1/2),Pressure Gauge,"1001-000-ICS-DWG-JIP-025(5/24)
/1001-000-ICS-DWG-JIP-025(17/24)",,WIKA,VTA,,0-10,0-10,bar,1.0,,INSTRUMENT LIST,140,PG140PP27,140-PP-27,Pressure,Condition / Measurement
299,PG140PP28,Conc Thic O/F Pump 140-PP-28 Gland Seal Water  Pressure Gauge,Field,146-005-WGL-SC1-25,1001-146-PRO-DWG-JIP-100(1/2),Pressure Gauge,"1001-000-ICS-DWG-JIP-025(5/24)
/1001-000-ICS-DWG-JIP-025(17/24)",,WIKA,VTA,,0-10,0-10,bar,1.0,,INSTRUMENT LIST,140,PG140PP28,140-PP-28,Pressure,Condition / Measurement
300,LS140PP31,Float Switch,Field,,1001-146-PRO-DWG-JIP-100(1/2),Float Switch,1001-000-ICS-DWG-JIP-025(15/24),,TBD,VTA,,,,,1.0,,INSTRUMENT LIST,140,LS140PP31,140-PP-31,,Protection / Interlock
301,LS140PP34,Float Switch,Field,,1001-146-PRO-DWG-JIP-100(2/2),Float Switch,1001-000-ICS-DWG-JIP-025(15/24),,TBD,VTA,,,,,1.0,,INSTRUMENT LIST,140,LS140PP34,140-PP-34,,Protection / Interlock
302,LS140PP35,Float Switch,Field,,1001-146-PRO-DWG-JIP-100(2/2),Float Switch,1001-000-ICS-DWG-JIP-025(15/24),,TBD,VTA,,,,,1.0,,INSTRUMENT LIST,140,LS140PP35,140-PP-35,,Protection / Interlock
303,XV150TK01A,Gold Concentrate Slurry to Slurry Making Tank 150-TK-01 On/Off Valve,Field,150-119-SPB-SC1-65,1001-150-PRO-DWG-JIP-100(1/2),On/Off Valve,1001-000-ICS-DWG-JIP-025(4/24),DO,ShangPinKeJi,VTA,,,,,1.0,,INSTRUMENT LIST,150,XV150TK01A,150-TK-01,,Control Element
304,XV150TK01B,Filtered Water to Slurry Making Tank 150-TK-01 On/Off Valve,Field,150-102-WFL-SC1-100,1001-150-PRO-DWG-JIP-100(1/2),On/Off Valve,1001-000-ICS-DWG-JIP-025(4/24),DO,ShangPinKeJi,VTA,,,,,1.0,,INSTRUMENT LIST,150,XV150TK01B,150-TK-01,,Control Element
305,XV150TK02A,Gold Concentrate Slurry to Slurry Making Tank 150-TK-02 On/Off Valve,Field,150-120-SPB-SC1-65,1001-150-PRO-DWG-JIP-100(1/2),On/Off Valve,1001-000-ICS-DWG-JIP-025(4/24),DO,ShangPinKeJi,VTA,,,,,1.0,,INSTRUMENT LIST,150,XV150TK02A,150-TK-02,,Control Element
306,XV150TK02B,Filtered Water to Slurry Making Tank 150-TK-02 On/Off Valve,Field,150-104-WFL-SC1-100,1001-150-PRO-DWG-JIP-100(1/2),On/Off Valve,1001-000-ICS-DWG-JIP-025(4/24),DO,ShangPinKeJi,VTA,,,,,1.0,,INSTRUMENT LIST,150,XV150TK02B,150-TK-02,,Control Element
307,WIT150TK01A,Slurry Making Tank 150-TK-01 Weightometer,Field,,1001-150-PRO-DWG-JIP-100(1/2),Weightometer,,AI,,,TBD,VTA,0-100,t,1.0,Process Supply,INSTRUMENT LIST,150,WIT150TK01A,150-TK-01,,Condition / Measurement
308,WIT150TK02A,Slurry Making Tank 150-TK-02 Weightometer,Field,,1001-150-PRO-DWG-JIP-100(1/2),Weightometer,,AI,,,TBD,VTA,0-100,t,1.0,Process Supply,INSTRUMENT LIST,150,WIT150TK02A,150-TK-02,,Condition / Measurement
309,LIT150TK03A,Storage Agitating Tank 150-TK-03 Level Transmitter,Field,,1001-150-PRO-DWG-JIP-100(1/2),"Level Transmitter, Ultrasonic",1001-000-ICS-DWG-JIP-025(8/31),AI,Siemens/E+H,VTA,TBD,VTA,0~3000,mm,1.0,,INSTRUMENT LIST,150,LIT150TK03A,150-TK-03,Level,Condition / Measurement
310,LIT150TK04A,Storage Agitating Tank 150-TK-04 Level Transmitter,Field,,1001-150-PRO-DWG-JIP-100(1/2),"Level Transmitter, Ultrasonic",1001-000-ICS-DWG-JIP-025(8/31),AI,Siemens/E+H,VTA,TBD,VTA,0~3000,mm,1.0,,INSTRUMENT LIST,150,LIT150TK04A,150-TK-04,Level,Condition / Measurement
311,LIT150TK05A,Buffer Agitating Tank 150-TK-05 Level Transmitter,Field,,1001-150-PRO-DWG-JIP-100(1/2),"Level Transmitter, Ultrasonic",1001-000-ICS-DWG-JIP-025(8/31),AI,Siemens/E+H,VTA,TBD,VTA,0~3000,mm,1.0,,INSTRUMENT LIST,150,LIT150TK05A,150-TK-05,Level,Condition / Measurement
312,LS150PP05,Sump (150--PP-05) Float Switch,Field,,1001-150-PRO-DWG-JIP-100(1/2),Float Switch,1001-000-ICS-DWG-JIP-025(15/24),,TBD,VTA,,,,,1.0,,INSTRUMENT LIST,150,LS150PP05,150-PP-05,,Protection / Interlock
313,TE-15001,Lower boiling layer temperature,Field,150-FBR-01,1001-150-PRO-DWG-JIP-100（2/2）,Thermocouple,1001-150-PRO-DWG-JIP-100（2/2）,AI,,,TBD,,0~800,℃,1.0,,INSTRUMENT LIST,150,TE-15001,,Temperature,Condition / Measurement
314,TE-15002,"沸腾层下层温度
Lower boiling layer temperature",Field,150-FBR-01,1001-150-PRO-DWG-JIP-100（2/2）,Thermocouple,1001-150-PRO-DWG-JIP-100（2/2）,AI,,,TBD,,0~800,℃,1.0,,INSTRUMENT LIST,150,TE-15002,,Temperature,Condition / Measurement
315,TE-15003,"沸腾层下层温度
Lower boiling layer temperature",Field,150-FBR-01,1001-150-PRO-DWG-JIP-100（2/2）,Thermocouple,1001-150-PRO-DWG-JIP-100（2/2）,AI,,,TBD,,0~800,℃,1.0,,INSTRUMENT LIST,150,TE-15003,,Temperature,Condition / Measurement
316,TE-15004,"沸腾层下层温度
Lower boiling layer temperature",Field,150-FBR-01,1001-150-PRO-DWG-JIP-100（2/2）,Thermocouple,1001-150-PRO-DWG-JIP-100（2/2）,AI,,,TBD,,0~800,℃,1.0,,INSTRUMENT LIST,150,TE-15004,,Temperature,Condition / Measurement
317,TE-15005,"沸腾层中层温度
Intermediate boiling layer temperature",Field,150-FBR-01,1001-150-PRO-DWG-JIP-100（2/2）,Thermocouple,1001-150-PRO-DWG-JIP-100（2/2）,AI,,,TBD,,0~800,℃,1.0,,INSTRUMENT LIST,150,TE-15005,,Temperature,Condition / Measurement
318,TE-15006,"沸腾层中层温度
Intermediate boiling layer temperature",Field,150-FBR-01,1001-150-PRO-DWG-JIP-100（2/2）,Thermocouple,1001-150-PRO-DWG-JIP-100（2/2）,AI,,,TBD,,0~800,℃,1.0,,INSTRUMENT LIST,150,TE-15006,,Temperature,Condition / Measurement
319,TE-15007,"沸腾层中层温度
Intermediate boiling layer temperature",Field,150-FBR-01,1001-150-PRO-DWG-JIP-100（2/2）,Thermocouple,1001-150-PRO-DWG-JIP-100（2/2）,AI,,,TBD,,0~800,℃,1.0,,INSTRUMENT LIST,150,TE-15007,,Temperature,Condition / Measurement
320,TE-15008,"沸腾层中层温度
Intermediate boiling layer temperature",Field,150-FBR-01,1001-150-PRO-DWG-JIP-100（2/2）,Thermocouple,1001-150-PRO-DWG-JIP-100（2/2）,AI,,,TBD,,0~800,℃,1.0,,INSTRUMENT LIST,150,TE-15008,,Temperature,Condition / Measurement
321,TV-15008,"加水调节阀
Water filling control valve",Field,150-001-WFL-L1B-50,1001-150-PRO-DWG-JIP-100（2/2）,Control Valve: Electric Actuator,1001-150-PRO-DWG-JIP-100（2/2）,DO,,,TBD,,0~100,%,1.0,,INSTRUMENT LIST,150,TV-15008,,,Control Element
322,TV-15008-ZT,"加水调节阀
Water filling control valve",Field,150-001-WFL-L1B-50,1001-150-PRO-DWG-JIP-100（2/2）,Control Valve: Position Transmitter,1001-150-PRO-DWG-JIP-100（2/2）,DO,,,TBD,,0~100,%,1.0,,INSTRUMENT LIST,150,TV-15008-ZT,,Position,Control Element
323,TE-15009,"沸腾层上层温度
Upper boiling layer temperature",Field,150-FBR-01,1001-150-PRO-DWG-JIP-100（2/2）,Thermocouple,1001-150-PRO-DWG-JIP-100（2/2）,AI,,,TBD,,0~800,℃,1.0,,INSTRUMENT LIST,150,TE-15009,,Temperature,Condition / Measurement
324,TE-15010,"沸腾层上层温度
Upper boiling layer temperature",Field,150-FBR-01,1001-150-PRO-DWG-JIP-100（2/2）,Thermocouple,1001-150-PRO-DWG-JIP-100（2/2）,AI,,,TBD,,0~800,℃,1.0,,INSTRUMENT LIST,150,TE-15010,,Temperature,Condition / Measurement
325,TE-15011,"沸腾层上层温度
Upper boiling layer temperature",Field,150-FBR-01,1001-150-PRO-DWG-JIP-100（2/2）,Thermocouple,1001-150-PRO-DWG-JIP-100（2/2）,AI,,,TBD,,0~800,℃,1.0,,INSTRUMENT LIST,150,TE-15011,,Temperature,Condition / Measurement
326,TE-15012,"沸腾层上层温度
Upper boiling layer temperature",Field,150-FBR-01,1001-150-PRO-DWG-JIP-100（2/2）,Thermocouple,1001-150-PRO-DWG-JIP-100（2/2）,AI,,,TBD,,0~800,℃,1.0,,INSTRUMENT LIST,150,TE-15012,,Temperature,Condition / Measurement
327,TE-15013,"沸腾炉中部温度
Temperature in the middle of fluidized bed furnace",Field,150-FBR-01,1001-150-PRO-DWG-JIP-100（2/2）,Thermocouple,1001-150-PRO-DWG-JIP-100（2/2）,AI,,,TBD,,0~800,℃,1.0,,INSTRUMENT LIST,150,TE-15013,,Temperature,Condition / Measurement
328,TE-15014,"沸腾炉顶部温度
Temperature in the top of fluidized bed furnace",Field,150-FBR-01,1001-150-PRO-DWG-JIP-100（2/2）,Thermocouple,1001-150-PRO-DWG-JIP-100（2/2）,AI,,,TBD,,0~800,℃,1.0,,INSTRUMENT LIST,150,TE-15014,,Temperature,Condition / Measurement
329,TE-15015,"沸腾炉出口温度
Fluidized bed furnace outlet temperature",Field,150-001-SDG-SC1-1200,1001-150-PRO-DWG-JIP-100（2/2）,Thermocouple,1001-150-PRO-DWG-JIP-100（2/2）,AI,,,TBD,,0~800,℃,1.0,,INSTRUMENT LIST,150,TE-15015,,Temperature,Condition / Measurement
330,TE-15016,"表冷器出口温度
Surface cooler outlet temperature",Field,150-002-SDG-SC1-1000-TI,1001-150-PRO-DWG-JIP-100（2/2）,Thermocouple,1001-150-PRO-DWG-JIP-100（2/2）,AI,,,TBD,,0~800,℃,1.0,,INSTRUMENT LIST,150,TE-15016,,Temperature,Condition / Measurement
331,TE-15017,"旋风除尘器出口温度
Cyclone dust collector outlet temperature",Field,150-003-SDG-SC1-1000-TI,1001-150-PRO-DWG-JIP-100（2/2）,Thermocouple,1001-150-PRO-DWG-JIP-100（2/2）,AI,,,TBD,,0~800,℃,1.0,,INSTRUMENT LIST,150,TE-15017,,Temperature,Condition / Measurement
332,TE-15018,"电除尘出口温度
Electrostatic precipitator outlet temperature",Field,150-004-SDG-SC1-1000-TI,1001-150-PRO-DWG-JIP-100（2/2）,Thermocouple,1001-150-PRO-DWG-JIP-100（2/2）,AI,,,TBD,,0~800,℃,1.0,,INSTRUMENT LIST,150,TE-15018,,Temperature,Condition / Measurement
333,PIT-15001,"焙烧鼓风机出口压力
Roasting blower outlet pressure",Field,150-001-ALP-H1B-700,1001-150-PRO-DWG-JIP-100（2/2）,Pressure Transmitter,1001-150-PRO-DWG-JIP-100（2/2）,AI,,,TBD,,0~30,kPa,1.0,,INSTRUMENT LIST,150,PIT-15001,,Pressure,Condition / Measurement
334,PIT-15002,"沸腾炉底压力
Fluidized bed furnace bottom pressure",Field,150-FBR-01,1001-150-PRO-DWG-JIP-100（2/2）,Pressure Transmitter,1001-150-PRO-DWG-JIP-100（2/2）,AI,,,TBD,,0~30,kPa,1.0,,INSTRUMENT LIST,150,PIT-15002,,Pressure,Condition / Measurement
335,PIT-15003,"沸腾炉顶压力
Fluidized bed furnace top pressure",Field,150-FBR-01,1001-150-PRO-DWG-JIP-100（2/2）,Pressure Transmitter,1001-150-PRO-DWG-JIP-100（2/2）,AI,,,TBD,,-0.1~0.1,kPa,1.0,,INSTRUMENT LIST,150,PIT-15003,,Pressure,Condition / Measurement
336,PIT-15004,"沸腾炉出口压力
Fluidized bed furnace outlet pressure",Field,150-001-SDG-SC1-1200,1001-150-PRO-DWG-JIP-100（2/2）,Pressure Transmitter,1001-150-PRO-DWG-JIP-100（2/2）,AI,,,TBD,,-0.5~0.5,kPa,1.0,,INSTRUMENT LIST,150,PIT-15004,,Pressure,Condition / Measurement
337,PIT-15005,"表冷器出口压力
Surface cooler outlet pressure",Field,150-002-SDG-SC1-1000-TI,1001-150-PRO-DWG-JIP-100（2/2）,Pressure Transmitter,1001-150-PRO-DWG-JIP-100（2/2）,AI,,,TBD,,-5~0,kPa,1.0,,INSTRUMENT LIST,150,PIT-15005,,Pressure,Condition / Measurement
338,PIT-15006,"旋风除尘器出口压力
Cyclone dust collector outlet pressure",Field,150-003-SDG-SC1-1000-TI,1001-150-PRO-DWG-JIP-100（2/2）,Pressure Transmitter,1001-150-PRO-DWG-JIP-100（2/2）,AI,,,TBD,,-10~0,kPa,1.0,,INSTRUMENT LIST,150,PIT-15006,,Pressure,Condition / Measurement
339,PIT-15007,"电除尘出口压力
Electrostatic precipitator outlet pressure",Field,150-004-SDG-SC1-1000-TI,1001-150-PRO-DWG-JIP-100（2/2）,Pressure Transmitter,1001-150-PRO-DWG-JIP-100（2/2）,AI,,,TBD,,-10~0,kPa,1.0,,INSTRUMENT LIST,150,PIT-15007,,Pressure,Condition / Measurement
340,PIT-15008,"点火风机出口压力
Ignition fan outlet pressure",Field,150-004-ALP-H1B-450,1001-150-PRO-DWG-JIP-100（2/2）,Pressure Transmitter,1001-150-PRO-DWG-JIP-100（2/2）,AI,,,TBD,,0~20,kPa,1.0,,INSTRUMENT LIST,150,PIT-15008,,Pressure,Condition / Measurement
341,PG-15009,"开车油泵出口压力
Driving oil pump outlet pressure",Field,150-003-ODI-L1B-25,1001-150-PRO-DWG-JIP-100（2/2）,Pressure Gauge,1001-150-PRO-DWG-JIP-100（2/2）,,,,TBD,,,,1.0,,INSTRUMENT LIST,150,PG-15009,,Pressure,Condition / Measurement
342,FIT-15001,"进炉底空气流量
Air flow rate into furnace bottom",Field,150-001-ALP-H1B-700,1001-150-PRO-DWG-JIP-100（2/2）,Differential Pressure Flow Transmitter,1001-150-PRO-DWG-JIP-100（2/2）,AI,,,TBD,,0~20000,Nm3/h,1.0,,INSTRUMENT LIST,150,FIT-15001,,Pressure,Condition / Measurement
343,FIT-15002,"点火柴油流量
Ignition diesel flow",Field,150-003-ODI-L1B-25,1001-150-PRO-DWG-JIP-100（2/2）,Vortex Flowmeter,1001-150-PRO-DWG-JIP-100（2/2）,AI,,,TBD,,0~2,m3/h,1.0,,INSTRUMENT LIST,150,FIT-15002,,Flow,Condition / Measurement
344,FIT-15003,"加水流量
Water filling flow",Field,150-001-WFL-L1B-50,1001-150-PRO-DWG-JIP-100（2/2）,Electromagnetic Flowmeter,1001-150-PRO-DWG-JIP-100（2/2）,,,,TBD,,0~1,m3/h,1.0,,INSTRUMENT LIST,150,FIT-15003,,Flow,Condition / Measurement
345,LT-15001,"柴油罐液位
Diesel tank level",Field,150-TK-06,1001-150-PRO-DWG-JIP-100（2/2）,Magnetic Level Transmitter,1001-150-PRO-DWG-JIP-100（2/2）,AI,,,TBD,,0~1.6,m,1.0,,INSTRUMENT LIST,150,LT-15001,,Level,Condition / Measurement
346,AIT-15001,"沸腾炉出口氧含量
Oxygen content at fluidized bed furnace outlet",Field,150-002-SDG-SC1-1000-TI,1001-150-PRO-DWG-JIP-100（2/2）,Analyzer: O2 Transmitter,1001-150-PRO-DWG-JIP-100（2/2）,AI,,,TBD,,0~21,%,1.0,,INSTRUMENT LIST,150,AIT-15001,,,Condition / Measurement
347,HV-15001,"点火柴油流量调节阀
Ignition diesel flow control valve",Field,150-003-ODI-L1B-25,1001-150-PRO-DWG-JIP-100（2/2）,Control Valve: Electric Actuator,1001-150-PRO-DWG-JIP-100（2/2）,,,,TBD,,0~100,%,1.0,,INSTRUMENT LIST,150,HV-15001,,,Control Element
348,HV-15001-ZT,"点火柴油流量调节阀
Ignition diesel flow control valve",Field,150-003-ODI-L1B-25,1001-150-PRO-DWG-JIP-100（2/2）,Control Valve: Position Transmitter,1001-150-PRO-DWG-JIP-100（2/2）,,,,TBD,,0~100,%,1.0,,INSTRUMENT LIST,150,HV-15001-ZT,,Position,Control Element
349,HS-15002-O,"进油枪柴油开关阀
Diesel switch valve of the inlet gun",Field,150-003-ODI-L1B-25,1001-150-PRO-DWG-JIP-100（2/2）,On/Off Valve: Open Switch,1001-150-PRO-DWG-JIP-100（2/2）,DI,,,TBD,,,,1.0,,INSTRUMENT LIST,150,HS-15002-O,,,Control Element
350,HS-15002-C,"进油枪柴油开关阀
Diesel switch valve of the inlet gun",Field,150-003-ODI-L1B-25,1001-150-PRO-DWG-JIP-100（2/2）,On/Off Valve: Close Switch,1001-150-PRO-DWG-JIP-100（2/2）,DI,,,TBD,,,,1.0,,INSTRUMENT LIST,150,HS-15002-C,,,Control Element
351,ZSO-15002,"进油枪柴油开关阀
Diesel switch valve of the inlet gun",Field,150-003-ODI-L1B-25,1001-150-PRO-DWG-JIP-100（2/2）,On/Off Valve: Position Limit Switch - Open,1001-150-PRO-DWG-JIP-100（2/2）,DI,,,TBD,,,,1.0,,INSTRUMENT LIST,150,ZSO-15002,,Position,Protection / Interlock
352,ZSC-15002,"进油枪柴油开关阀
Diesel switch valve of the inlet gun",Field,150-003-ODI-L1B-25,1001-150-PRO-DWG-JIP-100（2/2）,On/Off Valve: Position Limit Switch - Close,1001-150-PRO-DWG-JIP-100（2/2）,DI,,,TBD,,,,1.0,,INSTRUMENT LIST,150,ZSC-15002,,Position,Protection / Interlock
353,SS-15001-O,"加水切断阀
Water filling shut-off valve",Field,150-001-WFL-L1B-50,1001-150-PRO-DWG-JIP-100（2/2）,On/Off Valve: Open Switch,1001-150-PRO-DWG-JIP-100（2/2）,DI,,,TBD,,,,1.0,,INSTRUMENT LIST,150,SS-15001-O,,,Control Element
354,SS-15001-C,"加水切断阀
Water filling shut-off valve",Field,150-001-WFL-L1B-50,1001-150-PRO-DWG-JIP-100（2/2）,On/Off Valve: Close Switch,1001-150-PRO-DWG-JIP-100（2/2）,DI,,,TBD,,,,1.0,,INSTRUMENT LIST,150,SS-15001-C,,,Control Element
355,ZSO-15001,"加水切断阀
Water filling shut-off valve",Field,150-001-WFL-L1B-50,1001-150-PRO-DWG-JIP-100（2/2）,On/Off Valve: Position Limit Switch - Open,1001-150-PRO-DWG-JIP-100（2/2）,DI,,,TBD,,,,1.0,,INSTRUMENT LIST,150,ZSO-15001,,Position,Protection / Interlock
356,ZS-15001-C,"加水切断阀
Water filling shut-off valve",Field,150-001-WFL-L1B-50,1001-150-PRO-DWG-JIP-100（2/2）,On/Off Valve: Position Limit Switch - Close,1001-150-PRO-DWG-JIP-100（2/2）,DI,,,TBD,,,,1.0,,INSTRUMENT LIST,150,ZS-15001-C,,Position,Protection / Interlock
357,TE-15501,Scrubber gas outlet 洗涤器出气,Field,155-001-SDG-FRP-1000,1001-155-PRO-DWG-JIP-100(1/5),RTD: Pt100,,AI,TBD,,,0~200,0~200,℃,,,INSTRUMENT LIST,155,TE-15501,,Temperature,Condition / Measurement
358,TE-15502,"Scrubber gas outlet
洗涤器出气",Field,155-001-SDG-FRP-1000,1001-155-PRO-DWG-JIP-100(1/5),RTD: Pt100,,AI,TBD,,,0~200,0~200,℃,,,INSTRUMENT LIST,155,TE-15502,,Temperature,Condition / Measurement
359,TE-15503,"Packing tower gas outlet
填料塔出气",Field,155-002-SDG-FRP-800,1001-155-PRO-DWG-JIP-100(1/5),RTD: Pt100,,AI,TBD,,,0~200,0~200,℃,,,INSTRUMENT LIST,155,TE-15503,,Temperature,Condition / Measurement
360,TE-15504,"Electrostatic mist precipitator 01 gas outlet
一级电雾出气",Field,155-003-SDG-FRP-800,1001-155-PRO-DWG-JIP-100(1/5),RTD: Pt100,,AI,TBD,,,0~200,0~200,℃,,,INSTRUMENT LIST,155,TE-15504,,Temperature,Condition / Measurement
361,TE-15505,"Electrostatic mist precipitator 02 gas outlet
二级电雾出气",Field,155-004-SDG-FRP-900,1001-155-PRO-DWG-JIP-100(1/5),RTD: Pt100,,AI,TBD,,,0~200,0~200,℃,,,INSTRUMENT LIST,155,TE-15505,,Temperature,Condition / Measurement
362,TE-15506,"Scrubber circulating pump outlet
洗涤器循环泵出酸",Field,155-002-WSA-L1P-250,1001-155-PRO-DWG-JIP-100(1/5),RTD: Pt100,,AI,TBD,,,0~200,0~200,℃,,,INSTRUMENT LIST,155,TE-15506,,Temperature,Condition / Measurement
363,TE-15507,"Weak acid plate heat exchanger acid inlet
稀酸板换进酸",Field,155-017-WSA-L1P-250,1001-155-PRO-DWG-JIP-100(1/5),RTD: Pt100,,AI,TBD,,,0~200,0~200,℃,,,INSTRUMENT LIST,155,TE-15507,,Temperature,Condition / Measurement
364,TE-15508,"Weak acid plate heat exchanger acid outlet
稀酸板换出酸",Field,155-018-WSA-L1P-250,1001-155-PRO-DWG-JIP-100(1/5),RTD: Pt100,,AI,TBD,,,0~200,0~200,℃,,,INSTRUMENT LIST,155,TE-15508,,Temperature,Condition / Measurement
365,TE-15509A,"Electrostatic mist precipitator 01
一级电雾绝缘箱",Field,155-WEP-01,1001-155-PRO-DWG-JIP-100(1/5),T/C: K,,AI,TBD,,,0~200,0~200,℃,,,INSTRUMENT LIST,155,TE-15509A,,,Condition / Measurement
366,TE-15509B,"Electrostatic mist precipitator 01
一级电雾绝缘箱",Field,155-WEP-01,1001-155-PRO-DWG-JIP-100(1/5),T/C: K,,AI,TBD,,,0~200,0~200,℃,,,INSTRUMENT LIST,155,TE-15509B,,,Condition / Measurement
367,TE-15509C,"Electrostatic mist precipitator 01
一级电雾绝缘箱",Field,155-WEP-01,1001-155-PRO-DWG-JIP-100(1/5),T/C: K,,AI,TBD,,,0~200,0~200,℃,,,INSTRUMENT LIST,155,TE-15509C,,,Condition / Measurement
368,TE-15509D,"Electrostatic mist precipitator 01
一级电雾绝缘箱",Field,155-WEP-01,1001-155-PRO-DWG-JIP-100(1/5),T/C: K,,AI,TBD,,,0~200,0~200,℃,,,INSTRUMENT LIST,155,TE-15509D,,,Condition / Measurement
369,TE-15510A,"Electrostatic mist precipitator 02
二级电雾绝缘箱",Field,155-WEP-02,1001-155-PRO-DWG-JIP-100(1/5),T/C: K,,AI,TBD,,,0~200,0~200,℃,,,INSTRUMENT LIST,155,TE-15510A,,,Condition / Measurement
370,TE-15510B,"Electrostatic mist precipitator 02
二级电雾绝缘箱",Field,155-WEP-02,1001-155-PRO-DWG-JIP-100(1/5),T/C: K,,AI,TBD,,,0~200,0~200,℃,,,INSTRUMENT LIST,155,TE-15510B,,,Condition / Measurement
371,TE-15510C,"Electrostatic mist precipitator 02
二级电雾绝缘箱",Field,155-WEP-02,1001-155-PRO-DWG-JIP-100(1/5),T/C: K,,AI,TBD,,,0~200,0~200,℃,,,INSTRUMENT LIST,155,TE-15510C,,,Condition / Measurement
372,TE-15510D,"Electrostatic mist precipitator 02
二级电雾绝缘箱",Field,155-WEP-02,1001-155-PRO-DWG-JIP-100(1/5),T/C: K,,AI,TBD,,,0~200,0~200,℃,,,INSTRUMENT LIST,155,TE-15510D,,,Condition / Measurement
373,TE-15511,"Weak acid plate heat exchanger water outlet
稀酸板换进水",Field,155-001-WCW-L2B-350,1001-155-PRO-DWG-JIP-100(1/5),RTD: Pt100,,AI,TBD,,,0~200,0~200,℃,,,INSTRUMENT LIST,155,TE-15511,,Temperature,Condition / Measurement
374,TE-15512,"Weak acid plate heat exchanger water outlet
稀酸板换出水",Field,155-002-WCW-L2B-400,1001-155-PRO-DWG-JIP-100(1/5),RTD: Pt100,,AI,TBD,,,0~200,0~200,℃,,,INSTRUMENT LIST,155,TE-15512,,Temperature,Condition / Measurement
375,PIT-15501,"Scrubber gas outlet
洗涤器出气",Field,155-001-SDG-FRP-1000,1001-155-PRO-DWG-JIP-100(1/5),Differential Pressure Transmitter,,AI,TBD,,,-10~0,-10~0,kPa-G,,,INSTRUMENT LIST,155,PIT-15501,,Pressure,Condition / Measurement
376,PIT-15502,"Packing tower gas outlet
填料塔出气",Field,155-003-SDG-FRP-800,1001-155-PRO-DWG-JIP-100(1/5),Differential Pressure Transmitter,,AI,TBD,,,-10~0,-10~0,kPa-G,,,INSTRUMENT LIST,155,PIT-15502,,Pressure,Condition / Measurement
377,PIT-15503,"Electrostatic mist precipitator 01 gas outlet
一级电雾出气",Field,155-003-SDG-FRP-800,1001-155-PRO-DWG-JIP-100(1/5),Differential Pressure Transmitter,,AI,TBD,,,-10~0,-10~0,kPa-G,,,INSTRUMENT LIST,155,PIT-15503,,Pressure,Condition / Measurement
378,PIT-15504,"Electrostatic mist precipitator 02 gas outlet
二级电雾出气",Field,155-004-SDG-FRP-800,1001-155-PRO-DWG-JIP-100(1/5),Differential Pressure Transmitter,,AI,TBD,,,-10~0,-10~0,kPa-G,,,INSTRUMENT LIST,155,PIT-15504,,Pressure,Condition / Measurement
379,PIT-15505,"Scrubber circulating pump outlet
洗涤器循环泵出酸",Field,155-002-WSA-L1P-250,1001-155-PRO-DWG-JIP-100(1/5),Pressure Transmitter,,AI,TBD,,,0~1000,0~1000,kPa-G,,,INSTRUMENT LIST,155,PIT-15505,,Pressure,Condition / Measurement
380,PIT-15506,"洗涤器喷头进酸压力
Scrubber spraying nozzle acid inlet pressure",Field,125-D41F46-10C,1001-155-PRO-DWG-JIP-100(1/5),Pressure Transmitter,,AI,TBD,,,0~1000,0~1000,kPa-G,,,INSTRUMENT LIST,155,PIT-15506,,Pressure,Condition / Measurement
381,PIT-15507,"洗涤器喷头进酸压力
Scrubber spraying nozzle acid inlet pressure",Field,125-D41F46-10C,1001-155-PRO-DWG-JIP-100(1/5),Pressure Transmitter,,AI,TBD,,,0~1000,0~1000,kPa-G,,,INSTRUMENT LIST,155,PIT-15507,,Pressure,Condition / Measurement
382,PIT-15508,"洗涤器喷头进酸压力
Scrubber spraying nozzle acid inlet pressure",Field,125-D41F46-10C,1001-155-PRO-DWG-JIP-100(1/5),Pressure Transmitter,,AI,TBD,,,0~1000,0~1000,kPa-G,,,INSTRUMENT LIST,155,PIT-15508,,Pressure,Condition / Measurement
383,PIT-15509,"清液泵出酸压力
Fluid-flushing pump acid outlet pressure",Field,155-006-WSA-L1P-125,1001-155-PRO-DWG-JIP-100(1/5),Pressure Transmitter,,AI,TBD,,,0~1000,0~1000,kPa-G,,,INSTRUMENT LIST,155,PIT-15509,,Pressure,Condition / Measurement
384,PIT-15510,"稀酸输送泵出酸压力
Dilute acid delivery pump acid outlet pressure",Field,155-012-WSA-P10-65,1001-155-PRO-DWG-JIP-100(1/5),Pressure Transmitter,,AI,TBD,,,0~1000,0~1000,kPa-G,,,INSTRUMENT LIST,155,PIT-15510,,Pressure,Condition / Measurement
385,PG-15511,"污水泵出口压力
Sewage pump outlet pressure",Field,155-013-WSA-P10-65,1001-155-PRO-DWG-JIP-100(1/5),Pressure Gauge,,,Wika,,,0~1.0,0~1.0,MPa-G,,,INSTRUMENT LIST,155,PG-15511,,Pressure,Condition / Measurement
386,PG-15512,"底流泵出口压力
Underflow pump outlet pressure",Field,65-D41F46-10C,1001-155-PRO-DWG-JIP-100(1/5),Pressure Gauge,,,Wika,,,0~1.0,0~1.0,MPa-G,,,INSTRUMENT LIST,155,PG-15512,,Pressure,Condition / Measurement
387,PIT-15513,"稀酸板换进酸
Weak acid plate heat exchanger acid inlet",Field,155-017-WSA-L1P-250,1001-155-PRO-DWG-JIP-100(1/5),Pressure Transmitter,,AI,TBD,,,0~1000,0~1000,kPa-G,,,INSTRUMENT LIST,155,PIT-15513,,Pressure,Condition / Measurement
388,PIT-15514,"稀酸板换出酸
Weak acid plate heat exchanger acid outlet",Field,155-018-WSA-L1P-250,1001-155-PRO-DWG-JIP-100(1/5),Pressure Transmitter,,AI,TBD,,,0~1000,0~1000,kPa-G,,,INSTRUMENT LIST,155,PIT-15514,,Pressure,Condition / Measurement
389,PIT-15515,"工艺水总管进水压力
Process water header water inlet pressure",Field,155-001-WFL-L2B-150,1001-155-PRO-DWG-JIP-100(1/5),Pressure Transmitter,,AI,TBD,,,0~1000,0~1000,kPa-G,,,INSTRUMENT LIST,155,PIT-15515,,Pressure,Condition / Measurement
390,PIT-15516,"稀酸板换进水
Weak acid plate heat exchanger water inlet",Field,155-001-WCW-L2B-350,1001-155-PRO-DWG-JIP-100(1/5),Pressure Transmitter,,AI,TBD,,,0~1000,0~1000,kPa-G,,,INSTRUMENT LIST,155,PIT-15516,,Pressure,Condition / Measurement
391,PIT-15517,"稀酸板换出水
Weak acid plate heat exchanger water outlet",Field,155-002-WCW-L2B-400,1001-155-PRO-DWG-JIP-100(1/5),Pressure Transmitter,,AI,TBD,,,0~1000,0~1000,kPa-G,,,INSTRUMENT LIST,155,PIT-15517,,Pressure,Condition / Measurement
392,LIT-15501,"洗涤器液位
Scrubber liquid level",Field,155-SCR-01,1001-155-PRO-DWG-JIP-100(1/5),Magnetic Level Transmitter,,AI,TBD,,,0~2800,0~2800,mm,,,INSTRUMENT LIST,155,LIT-15501,,Level,Condition / Measurement
393,LY-15501,"洗涤器液位调节阀
Scrubber liquid level regulating valve",Field,155-003-WSA-L1P-125,1001-155-PRO-DWG-JIP-100(1/5),Control Valve: Electric Actuator,,AO,TBD,,,0~100,0~100,%,,,INSTRUMENT LIST,155,LY-15501,,,Control Element
394,ZT-15501,"洗涤器液位调节阀
Scrubber liquid level regulating valve",Field,155-003-WSA-L1P-125,1001-155-PRO-DWG-JIP-100(1/5),Control Valve: Position Transmitter,,AI,TBD,,,0~100,0~100,%,,,INSTRUMENT LIST,155,ZT-15501,,Position,Control Element
395,LIT-15502,"填料塔液位
Packing tower liquid level",Field,155-TOW-01,1001-155-PRO-DWG-JIP-100(1/5),Magnetic Level Transmitter,,AI,TBD,,,0~2400,0~2400,mm,,,INSTRUMENT LIST,155,LIT-15502,,Level,Condition / Measurement
396,LIT-15503,"高位槽液位
Head tank liquid level",Field,155-TK-01,1001-155-PRO-DWG-JIP-100(1/5),Magnetic Level Transmitter,,AI,TBD,,,0~1350,0~1350,mm,,,INSTRUMENT LIST,155,LIT-15503,,Level,Condition / Measurement
397,LSV-15503-O,"洗涤器液位调节阀
Scrubber liquid level regulating valve",Field,155-003-WFL-L1B-80,1001-155-PRO-DWG-JIP-100(1/5),On/Off Valve: Open Switch,,DI,TBD,,,,,,,,INSTRUMENT LIST,155,LSV-15503-O,,,Control Element
398,LSV-15503-C,"洗涤器液位调节阀
Scrubber liquid level regulating valve",Field,155-003-WFL-L1B-80,1001-155-PRO-DWG-JIP-100(1/5),On/Off Valve: Close Switch,,DI,TBD,,,,,,,,INSTRUMENT LIST,155,LSV-15503-C,,,Control Element
399,ZS-15503-O,"洗涤器液位调节阀
Scrubber liquid level regulating valve",Field,155-003-WFL-L1B-80,1001-155-PRO-DWG-JIP-100(1/5),On/Off Valve: Position Limit Switch - Open,,DI,TBD,,,,,,,,INSTRUMENT LIST,155,ZS-15503-O,,Position,Protection / Interlock
400,ZS-15503-C,"洗涤器液位调节阀
Scrubber liquid level regulating valve",Field,155-003-WFL-L1B-80,1001-155-PRO-DWG-JIP-100(1/5),On/Off Valve: Position Limit Switch - Close,,DI,TBD,,,,,,,,INSTRUMENT LIST,155,ZS-15503-C,,Position,Protection / Interlock
401,LIT-15504,"上清液槽液位
Supernatant tank liquid level",Field,155-TK-02,1001-155-PRO-DWG-JIP-100(1/5),Magnetic Level Transmitter,,AI,TBD,,,0~1350,0~1350,mm,,,INSTRUMENT LIST,155,LIT-15504,,Level,Condition / Measurement
402,LY-15504,"上清液槽液位调节阀
Supernatant tank liquid level regulating valve",Field,155-010-WSA-FRP-65,1001-155-PRO-DWG-JIP-100(1/5),Control Valve: Electric Actuator,,AO,TBD,,,0~100,0~100,%,,,INSTRUMENT LIST,155,LY-15504,,,Control Element
403,ZT-15504,"上清液槽液位调节阀
Supernatant tank liquid level regulating valve",Field,155-010-WSA-FRP-65,1001-155-PRO-DWG-JIP-100(1/5),Control Valve: Position Transmitter,,AI,TBD,,,0~100,0~100,%,,,INSTRUMENT LIST,155,ZT-15504,,Position,Control Element
404,LIT-15505,"脱吸塔液位
Desorption tower liquid level",Field,155-TOW-02,1001-155-PRO-DWG-JIP-100(1/5),Magnetic Level Transmitter,,AI,TBD,,,0~1300,0~1300,mm,,,INSTRUMENT LIST,155,LIT-15505,,Level,Condition / Measurement
405,LIT-15506,"絮凝剂槽液位
Flocculant tank liquid level",Field,155-TK-13,1001-155-PRO-DWG-JIP-100(1/5),Magnetic Level Transmitter,,AI,TBD,,,0~800,0~800,mm,,,INSTRUMENT LIST,155,LIT-15506,,Level,Condition / Measurement
406,LIT-15507,"污泥池槽液位
Sludge tank liquid level",Field,155-WAP-07,1001-155-PRO-DWG-JIP-100(1/5),Radar Level Transmitter,,AI,TBD,,,0~2000,0~2000,mm,,,INSTRUMENT LIST,155,LIT-15507,,Level,Condition / Measurement
407,LIT-15508,"污水池槽液位
Sewage tank liquid level",Field,155-WAP-11,1001-155-PRO-DWG-JIP-100(1/5),Magnetic Level Transmitter,,AI,TBD,,,0~2200,0~2200,mm,,,INSTRUMENT LIST,155,LIT-15508,,Level,Condition / Measurement
408,LIT-15509,"安全封液位
Safety seal liquid level",Field,155-WAS-01,1001-155-PRO-DWG-JIP-100(1/5),Radar Level Transmitter,,AI,TBD,,,0~750,0~750,mm,,,INSTRUMENT LIST,155,LIT-15509,,Level,Condition / Measurement
409,DIT-15501,"洗涤器循环酸密度
Scrubber circulating acid density",Field,155-002-WSA-L1P-250,1001-155-PRO-DWG-JIP-100(1/5),Density Analyzer (Sonic velocity),,AI,TBD,,,900~1200,900~1200,kg/m3,,,INSTRUMENT LIST,155,DIT-15501,,Density,Condition / Measurement
410,DY-15501,"洗涤器循环酸浓调节阀
Scrubber circulating acid concentration regulating valve",Field,155-004-WFL-L1B-50,1001-155-PRO-DWG-JIP-100(1/5),Control Valve: Electric Actuator,,AO,TBD,,,0~100,0~100,%,,,INSTRUMENT LIST,155,DY-15501,,,Control Element
412,FIT-15501,"高位槽循环液流量
Head tank circulating fluid flow",Field,155-006-WSA-L1P-125,1001-155-PRO-DWG-JIP-100(1/5),Electromagnetic Flowmeter,,AI,TBD,,,0~100,0~100,m3/h,,,INSTRUMENT LIST,155,FIT-15501,,Flow,Condition / Measurement
413,FIT-15502,"工艺水用量
Process water consumption",Field,155-001-WFL-L2B-150,1001-155-PRO-DWG-JIP-100(1/5),Electromagnetic Flowmeter,,AI,TBD,,,0~100,0~100,m3/h,,,INSTRUMENT LIST,155,FIT-15502,,Flow,Condition / Measurement
414,AT-15501,"循环水回水pH
Circulating water return pH",Field,155-002-WCW-L2B-400,1001-155-PRO-DWG-JIP-100(1/5),Analyzer: pH Transmitter,,AI,TBD,,,0~14,0~14,pH,,,INSTRUMENT LIST,155,AT-15501,,pH,Condition / Measurement
415,XS-15501-O,FBL Filtering Settler outlet,Field,155-008-WSA-FRP-50,1001-155-PRO-DWG-JIP-100(1/5),On/Off Valve: Open Switch,,DI,TBD,,,,,,,,INSTRUMENT LIST,155,XS-15501-O,,,Control Element
416,XS-15501-C,FBL Filtering Settler outlet,Field,155-008-WSA-FRP-50,1001-155-PRO-DWG-JIP-100(1/5),On/Off Valve: Close Switch,,DI,TBD,,,,,,,,INSTRUMENT LIST,155,XS-15501-C,,,Control Element
417,ZSO-15501,FBL Filtering Settler outlet,Field,155-008-WSA-FRP-50,1001-155-PRO-DWG-JIP-100(1/5),On/Off Valve: Position Limit Switch - Open,,DI,TBD,,,,,,,,INSTRUMENT LIST,155,ZSO-15501,,Position,Protection / Interlock
418,ZSC-15501,FBL Filtering Settler outlet,Field,155-008-WSA-FRP-50,1001-155-PRO-DWG-JIP-100(1/5),On/Off Valve: Position Limit Switch - Close,,DI,TBD,,,,,,,,INSTRUMENT LIST,155,ZSC-15501,,Position,Protection / Interlock
419,HY-15501,SO2 gas control,Field,155-002-PA-FRP-400,1001-155-PRO-DWG-JIP-100(1/5),Control Valve: Electric Actuator,,AO,TBD,,,0~100,0~100,%,,,INSTRUMENT LIST,155,HY-15501,,,Control Element
421,IT160AG01,Calcine Acid Leach Tank 160-TK-01 Agitator Motor Current Transmitter,Field,,1001-160-PRO-DWG-JIP-100(1/3),Current Transmitter,Electrical Diagram of MCC(Vender Document),AI,VTA,VTA,TBD,VTA,VTA,A,1.0,Electrical supply,INSTRUMENT LIST,160,IT160AG01,160-TK-01,Current,Condition / Measurement
422,IT160AG02,Calcine Acid Leach Tank 160-TK-02 Agitator Motor Current Transmitter,Field,,1001-160-PRO-DWG-JIP-100(1/3),Current Transmitter,Electrical Diagram of MCC(Vender Document),AI,VTA,VTA,TBD,VTA,VTA,A,1.0,Electrical supply,INSTRUMENT LIST,160,IT160AG02,160-TK-02,Current,Condition / Measurement
423,AIT160TK01,Calcine Acid Leach Tank 160-TK-01 Slurry PH meter,Field,,1001-160-PRO-DWG-JIP-100(1/3),pH Transmitter,1001-000-ICS-DWG-JIP-025(20/24),AI,E+H,VTA,TBD,VTA,0-14,,1.0,,INSTRUMENT LIST,160,AIT160TK01,160-TK-01,pH,Condition / Measurement
424,LIT160TK02,Calcine Acid Leach Tank 160-TK-02 Level meter,Field,,1001-160-PRO-DWG-JIP-100(1/3),"Level Transmitter, Ultrasonic",1001-000-ICS-DWG-JIP-025(8/31),AI,Siemens/E+H,VTA,TBD,VTA,0~4000,mm,1.0,,INSTRUMENT LIST,160,LIT160TK02,160-TK-02,Level,Condition / Measurement
425,PG160TH01A,Calcine Acid Leach Tank to Calcine Thickener Pressure Gauge,Field,160-009-SPA-P10-90,1001-160-PRO-DWG-JIP-100(1/3),Pressure Gauge,"1001-000-ICS-DWG-JIP-025(5/24)
/1001-000-ICS-DWG-JIP-025(17/24)",,WIKA,VTA,,0-10,0-10,bar,1.0,,INSTRUMENT LIST,160,PG160TH01A,160-TH-01,Pressure,Condition / Measurement
426,PG160TH01B,Calcine Acid Leach Tank to Calcine Thickener Pressure Gauge,Field,160-010-SPA-P10-90,1001-160-PRO-DWG-JIP-100(1/3),Pressure Gauge,"1001-000-ICS-DWG-JIP-025(5/24)
/1001-000-ICS-DWG-JIP-025(17/24)",,WIKA,VTA,,0-10,0-10,bar,1.0,,INSTRUMENT LIST,160,PG160TH01B,160-TH-01,Pressure,Condition / Measurement
427,LIT160TK08,Calcine Thickener O/F Tank 160-TK-08 Level meter,Field,,1001-160-PRO-DWG-JIP-100(2/3),"Level Transmitter, Ultrasonic",1001-000-ICS-DWG-JIP-025(8/31),AI,Siemens/E+H,VTA,TBD,VTA,0~2000,mm,1.0,,INSTRUMENT LIST,160,LIT160TK08,160-TK-08,Level,Condition / Measurement
428,PG190TK14,Tank 160-TK-08 to Acid Water Neutralization Tank Pressure Gauge,Field,160-018-SPA-P10-110,1001-160-PRO-DWG-JIP-100(2/3),Pressure Gauge,"1001-000-ICS-DWG-JIP-025(5/24)
/1001-000-ICS-DWG-JIP-025(17/24)",,WIKA,VTA,,0-10,0-10,bar,1.0,,INSTRUMENT LIST,160,PG190TK14,160-TK-08,Pressure,Condition / Measurement
429,PG160BX01,Calcine Thickener to Belt Filter Feed Distribution Box Pressure Gauge,Field,160-024-SPA-P10-90,1001-160-PRO-DWG-JIP-100(2/3),Pressure Gauge,"1001-000-ICS-DWG-JIP-025(5/24)
/1001-000-ICS-DWG-JIP-025(17/24)",,WIKA,VTA,,0-10,0-10,bar,1.0,,INSTRUMENT LIST,160,PG160BX01,160-BX-01,Pressure,Condition / Measurement
430,DIT160BX01,Calcine Thickener to Belt Filter Feed Distribution Box Density meter,Field,160-024-SPA-P10-90,1001-160-PRO-DWG-JIP-100(2/3),Density meter,1001-000-ICS-DWG-JIP-025(22/24),AI,Ecophyspribor,VTA,,0~3000,0~3000,kg/m³,1.0,,INSTRUMENT LIST,160,DIT160BX01,160-BX-01,Density,Condition / Measurement
431,FIT160BX01,Calcine Thickener to Belt Filter Feed Distribution Box Flow meter,Field,160-024-SPA-P10-90,1001-160-PRO-DWG-JIP-100(2/3),"Flowmeter, Electromagnetic",1001-000-ICS-DWG-JIP-025(7/24),AI,Guanghua in China,VTA,TBD,VTA,0~11.7,m³/h,1.0,,INSTRUMENT LIST,160,FIT160BX01,160-BX-01,Flow,Condition / Measurement
432,XV160PP10,Calcine Thickener 160-TH-01 Discharge Valve,Field,160-020-SPA-SS1-80,1001-160-PRO-DWG-JIP-100(2/3),On/Off Valve,1001-000-ICS-DWG-JIP-025(4/24),DO,ShangPinKeJi,VTA,,,,,1.0,,INSTRUMENT LIST,160,XV160PP10,160-TH-01,,Control Element
433,XV160PP09,Calcine Thickener 160-TH-01 Discharge Valve,Field,160-021-SPA-SS1-80,1001-160-PRO-DWG-JIP-100(2/3),On/Off Valve,1001-000-ICS-DWG-JIP-025(4/24),DO,ShangPinKeJi,VTA,,,,,1.0,,INSTRUMENT LIST,160,XV160PP09,160-TH-01,,Control Element
434,LIT160BX02,Calcine Filtrate Box 160-BOX-02 Level meter,Field,,1001-160-PRO-DWG-JIP-100(3/3),"Level Transmitter, Ultrasonic",1001-000-ICS-DWG-JIP-025(8/31),AI,Siemens/E+H,VTA,TBD,VTA,0~1500,mm,1.0,,INSTRUMENT LIST,160,LIT160BX02,160-BOX-02,Level,Condition / Measurement
435,PG160TK08,Calcine Filtrate Box Outlet Pressure Gauge,Field,160-034-SPA-P10-90,1001-160-PRO-DWG-JIP-100(3/3),Pressure Gauge,"1001-000-ICS-DWG-JIP-025(5/24)
/1001-000-ICS-DWG-JIP-025(17/24)",,WIKA,VTA,,0-10,0-10,bar,1.0,,INSTRUMENT LIST,160,PG160TK08,160-TK-08,Pressure,Condition / Measurement
436,LIT160TK05,High density Agitation Tank 160-TK-05 Level meter,Field,,1001-160-PRO-DWG-JIP-100(3/3),"Level Transmitter, Ultrasonic",1001-000-ICS-DWG-JIP-025(8/31),AI,Siemens/E+H,VTA,TBD,VTA,0~2000,mm,1.0,,INSTRUMENT LIST,160,LIT160TK05,160-TK-05,Level,Condition / Measurement
437,LIT160TK06,High density Agitation Tank 160-TK-06 Level meter,Field,,1001-160-PRO-DWG-JIP-100(3/3),"Level Transmitter, Ultrasonic",1001-000-ICS-DWG-JIP-025(8/31),AI,Siemens/E+H,VTA,TBD,VTA,0~2000,mm,1.0,,INSTRUMENT LIST,160,LIT160TK06,160-TK-06,Level,Condition / Measurement
438,IT160AG03,High Density Agitation Tank Agitator 160-AG-03 Current Transmitter,MCC,,1001-160-PRO-DWG-JIP-100(3/3),Current Transmitter,Electrical Diagram of MCC(Vender Document),AI,VTA,VTA,TBD,VTA,VTA,A,1.0,Electrical supply,INSTRUMENT LIST,160,IT160AG03,160-AG-03,Current,Condition / Measurement
439,IT160AG04,High Density Agitation Tank Agitator 160-AG-04 Current Transmitter,MCC,,1001-160-PRO-DWG-JIP-100(3/3),Current Transmitter,Electrical Diagram of MCC(Vender Document),AI,VTA,VTA,TBD,VTA,VTA,A,1.0,Electrical supply,INSTRUMENT LIST,160,IT160AG04,160-AG-04,Current,Condition / Measurement
440,FV160TK05,Lime to  high density agitation tank 1 & 2 control valve,Field,212-019-RHL-SC1-32,1001-160-PRO-DWG-JIP-100(3/3),Pinch Valve,1001-000-ICS-DWG-JIP-025(3/24),AO,NaiDe in China,VTA,,0~100%,0~100%,%,1.0,,INSTRUMENT LIST,160,FV160TK05,160-TK-05,Density,Condition / Measurement
441,SV160PP13,Calcine Thickener O/F Tank Discharge Pump 160-PP-13 Gland Seal Water Solenoid Valve,Field,160-002-WGL-SC1-25,1001-160-PRO-DWG-JIP-100(2/3),Solenoid Valve,,DO,Norgren,VTA,,,,,1.0,,INSTRUMENT LIST,160,SV160PP13,160-PP-13,,Control Element
442,SV160PP14,Calcine Thickener O/F Tank Discharge Pump 160-PP-14 Gland Seal Water Solenoid Valve,Field,160-003-WGL-SC1-25,1001-160-PRO-DWG-JIP-100(2/3),Solenoid Valve,,DO,Norgren,VTA,,,,,1.0,,INSTRUMENT LIST,160,SV160PP14,160-PP-14,,Control Element
443,FSL160PP13,Calcine Thickener O/F Tank Discharge Pump 160-PP-13 Gland Seal Water Flow Switch,Field,160-002-WGL-SC1-25,1001-160-PRO-DWG-JIP-100(2/3),Flow Switch,1001-000-ICS-DWG-JIP-025(10/24),DI,WIKA/IFM,VTA,TBD,0-3,0-3,m/s,1.0,,INSTRUMENT LIST,160,FSL160PP13,160-PP-13,Flow,Protection / Interlock
444,FSL160PP14,Calcine Thickener O/F Tank Discharge Pump 160-PP-14 Gland Seal Water Flow Switch,Field,160-003-WGL-SC1-25,1001-160-PRO-DWG-JIP-100(2/3),Flow Switch,1001-000-ICS-DWG-JIP-025(10/24),DI,WIKA/IFM,VTA,TBD,0-3,0-3,m/s,1.0,,INSTRUMENT LIST,160,FSL160PP14,160-PP-14,Flow,Protection / Interlock
445,SV160PP11,Filtrate Pump box Discharge Pump 160-PP-11 Gland Seal Water Solenoid Valve,Field,160-005-WGL-SC1-25,1001-160-PRO-DWG-JIP-100(3/3),Solenoid Valve,,DO,Norgren,VTA,,,,,1.0,,INSTRUMENT LIST,160,SV160PP11,160-PP-11,,Control Element
446,SV160PP12,Filtrate Pump box  Discharge Pump 160-PP-12 Gland Seal Water Solenoid Valve,Field,160-006-WGL-SC1-25,1001-160-PRO-DWG-JIP-100(3/3),Solenoid Valve,,DO,Norgren,VTA,,,,,1.0,,INSTRUMENT LIST,160,SV160PP12,160-PP-12,,Control Element
447,FSL160PP11,Filtrate Pump box Discharge Pump 160-PP-11 Gland Seal Water Flow Switch,Field,160-005-WGL-SC1-25,1001-160-PRO-DWG-JIP-100(3/3),Flow Switch,1001-000-ICS-DWG-JIP-025(10/24),DI,WIKA/IFM,VTA,TBD,0-3,0-3,m/s,1.0,,INSTRUMENT LIST,160,FSL160PP11,160-PP-11,Flow,Protection / Interlock
448,FSL160PP12,Filtrate Pump box  Discharge Pump 160-PP-12 Gland Seal Wate Flow Switch,Field,160-006-WGL-SC1-25,1001-160-PRO-DWG-JIP-100(3/3),Flow Switch,1001-000-ICS-DWG-JIP-025(10/24),DI,WIKA/IFM,VTA,TBD,0-3,0-3,m/s,1.0,,INSTRUMENT LIST,160,FSL160PP12,160-PP-12,Flow,Protection / Interlock
449,PG160PP13,Calcine Thickener O/F Tank Discharge Pump 160-PP-13 Gland Seal Water Pressure Gauge,Field,160-002-WGL-SC1-25,1001-160-PRO-DWG-JIP-100(2/3),Pressure Gauge,"1001-000-ICS-DWG-JIP-025(5/24)
/1001-000-ICS-DWG-JIP-025(17/24)",,WIKA,VTA,,0-10,0-10,bar,1.0,,INSTRUMENT LIST,160,PG160PP13,160-PP-13,Pressure,Condition / Measurement
450,PG160PP14,Calcine Thickener O/F Tank Discharge Pump 160-PP-14 Gland Seal Water Pressure Gauge,Field,160-003-WGL-SC1-25,1001-160-PRO-DWG-JIP-100(2/3),Pressure Gauge,"1001-000-ICS-DWG-JIP-025(5/24)
/1001-000-ICS-DWG-JIP-025(17/24)",,WIKA,VTA,,0-10,0-10,bar,1.0,,INSTRUMENT LIST,160,PG160PP14,160-PP-14,Pressure,Condition / Measurement
451,PG160PP11,Filtrate Pump box Discharge Pump 160-PP-11 Gland Seal Water  Pressure Gauge,Field,160-005-WGL-SC1-25,1001-160-PRO-DWG-JIP-100(3/3),Pressure Gauge,"1001-000-ICS-DWG-JIP-025(5/24)
/1001-000-ICS-DWG-JIP-025(17/24)",,WIKA,VTA,,0-10,0-10,bar,1.0,,INSTRUMENT LIST,160,PG160PP11,160-PP-11,Pressure,Condition / Measurement
452,PG160PP12,Filtrate Pump box Discharge Pump 160-PP-12 Gland Seal Water  Pressure Gauge,Field,160-006-WGL-SC1-25,1001-160-PRO-DWG-JIP-100(3/3),Pressure Gauge,"1001-000-ICS-DWG-JIP-025(5/24)
/1001-000-ICS-DWG-JIP-025(17/24)",,WIKA,VTA,,0-10,0-10,bar,1.0,,INSTRUMENT LIST,160,PG160PP12,160-PP-12,Pressure,Condition / Measurement
453,LS160PP07,Sump(160-PP-07) Level Swith,Field,,1001-160-PRO-DWG-JIP-100(3/3),Float Switch,1001-000-ICS-DWG-JIP-025(15/24),,TBD,VTA,,,,,1.0,,INSTRUMENT LIST,160,LS160PP07,160-PP-07,,Protection / Interlock
454,LS160PP08,Sump(160-PP-08) Level Swith,Field,,1001-160-PRO-DWG-JIP-100(3/3),Float Switch,1001-000-ICS-DWG-JIP-025(15/24),,TBD,VTA,,,,,1.0,,INSTRUMENT LIST,160,LS160PP08,160-PP-08,,Protection / Interlock
455,LS160PP06,Sump(160-PP-06) Level Swith,Field,,1001-160-PRO-DWG-JIP-100(2/3),Float Switch,1001-000-ICS-DWG-JIP-025(15/24),,TBD,VTA,,,,,1.0,,INSTRUMENT LIST,160,LS160PP06,160-PP-06,,Protection / Interlock
456,LS160PP04,Sump(160-PP-04) Level Swith,Field,,1001-160-PRO-DWG-JIP-100(1/3),Float Switch,1001-000-ICS-DWG-JIP-025(15/24),,TBD,VTA,,,,,1.0,,INSTRUMENT LIST,160,LS160PP04,160-PP-04,,Protection / Interlock
457,LS160PP05,Sump(160-PP-05) Level Swith,Field,,1001-160-PRO-DWG-JIP-100(1/3),Float Switch,1001-000-ICS-DWG-JIP-025(15/24),,TBD,VTA,,,,,1.0,,INSTRUMENT LIST,160,LS160PP05,160-PP-05,,Protection / Interlock
458,SV160TK07,Water to Calcine Regrinding Cyclone Feed Tank Solenoid Valve,Field,162-002-WPR-SC1-25,1001-162-PRO-DWG-JIP-100(1/2),Solenoid Valve,,DO,Norgren,VTA,,,,,1.0,,INSTRUMENT LIST,160,SV160TK07,160-TK-07,,Control Element
459,AIT160TK07,Calcine Regrinding Cyclone Feed Tank pH Meter,Field,,1001-162-PRO-DWG-JIP-100(1/2),pH Transmitter,1001-000-ICS-DWG-JIP-025(20/24),AI,E+H,VTA,TBD,VTA,0-14,,1.0,,INSTRUMENT LIST,160,AIT160TK07,160-TK-07,pH,Condition / Measurement
460,LIT160TK07,Calcine Regrinding Cyclone Feed Tank Level meter,Field,,1001-162-PRO-DWG-JIP-100(1/2),"Level Transmitter, Ultrasonic",1001-000-ICS-DWG-JIP-025(8/31),AI,Siemens/E+H,VTA,TBD,VTA,0~3000,mm,1.0,,INSTRUMENT LIST,160,LIT160TK07,160-TK-07,Level,Condition / Measurement
461,IT160AG05,Calcine Regrinding Cyclone Feed Tank Agitator 160-AG-05 Current Transmitter,MCC,,1001-162-PRO-DWG-JIP-100(1/2),Current Transmitter,Electrical Diagram of MCC(Vender Document),AI,VTA,VTA,TBD,VTA,VTA,A,1.0,Electrical supply,INSTRUMENT LIST,160,IT160AG05,160-AG-05,Current,Condition / Measurement
462,PG160CY01,Cyclone 160-CY-01 Pressure Gauge,Field,,1001-162-PRO-DWG-JIP-100(1/2),Pressure Gauge,"1001-000-ICS-DWG-JIP-025(5/24)
/1001-000-ICS-DWG-JIP-025(17/24)",,Vendor To Advise,VTA,,0-10,0-10,bar,1.0,Vendor supply,INSTRUMENT LIST,160,PG160CY01,160-CY-01,Pressure,Condition / Measurement
463,PIT160CY01,Cyclone 160-CY-01 Pressure Transmitter,Field,,1001-162-PRO-DWG-JIP-100(1/2),Pressure Transmitter,1001-000-ICS-DWG-JIP-025(6/24),AI,Vendor To Advise,VTA,TBD,VTA,0-1,bar,1.0,Vendor supply,INSTRUMENT LIST,160,PIT160CY01,160-CY-01,Pressure,Condition / Measurement
464,DIT160CY01,Slurry to Cyclone 160-CY-01 Density meter,Field,162-006-SPB-SR1-125,1001-162-PRO-DWG-JIP-100(1/2),Density meter,1001-000-ICS-DWG-JIP-025(22/24),AI,Ecophyspribor,VTA,,0~3000,0~3000,kg/m³,1.0,,INSTRUMENT LIST,160,DIT160CY01,160-CY-01,Density,Condition / Measurement
465,FIT160CY01,Slurry to Cyclone 160-CY-01 Flow meter,Field,162-006-SPB-SR1-125,1001-162-PRO-DWG-JIP-100(1/2),"Flowmeter, Electromagnetic",1001-000-ICS-DWG-JIP-025(7/24),AI,Guanghua in China,VTA,TBD,VTA,0~77.2,m³/h,1.0,,INSTRUMENT LIST,160,FIT160CY01,160-CY-01,Flow,Condition / Measurement
466,XV160PP15A,Slurry to Cyclone 160-CY-01 On/Off Valve in front of Pump,Field,162-002-SPB-SC1-125,1001-162-PRO-DWG-JIP-100(1/2),On/Off Valve,1001-000-ICS-DWG-JIP-025(4/24),DO,ShangPinKeJi,VTA,,,,,1.0,,INSTRUMENT LIST,160,XV160PP15A,160-CY-01,,Control Element
467,XV160PP15B,Slurry to Cyclone 160-CY-01 On/Off Valve for Drain,Field,162-002-SPB-SC1-125,1001-162-PRO-DWG-JIP-100(1/2),On/Off Valve,1001-000-ICS-DWG-JIP-025(4/24),DO,ShangPinKeJi,VTA,,,,,1.0,,INSTRUMENT LIST,160,XV160PP15B,160-CY-01,,Control Element
468,XV160PP15C,Slurry to Cyclone 160-CY-01 On/Off Valve in rear of Pump,Field,162-004-SPB-SC1-125,1001-162-PRO-DWG-JIP-100(1/2),On/Off Valve,1001-000-ICS-DWG-JIP-025(4/24),DO,ShangPinKeJi,VTA,,,,,1.0,,INSTRUMENT LIST,160,XV160PP15C,160-CY-01,,Control Element
469,XV160PP16D,Slurry to Cyclone 160-CY-01 On/Off Valve in front of Pump,Field,162-003-SPB-SC1-125,1001-162-PRO-DWG-JIP-100(1/2),On/Off Valve,1001-000-ICS-DWG-JIP-025(4/24),DO,ShangPinKeJi,VTA,,,,,1.0,,INSTRUMENT LIST,160,XV160PP16D,160-CY-01,,Control Element
470,XV160PP16E,Slurry to Cyclone 160-CY-01 On/Off Valve for Drain,Field,162-003-SPB-SC1-125,1001-162-PRO-DWG-JIP-100(1/2),On/Off Valve,1001-000-ICS-DWG-JIP-025(4/24),DO,ShangPinKeJi,VTA,,,,,1.0,,INSTRUMENT LIST,160,XV160PP16E,160-CY-01,,Control Element
471,XV160PP16F,Slurry to Cyclone 160-CY-01 On/Off Valve in rear of Pump,Field,162-005-SPB-SC1-125,1001-162-PRO-DWG-JIP-100(1/2),On/Off Valve,1001-000-ICS-DWG-JIP-025(4/24),DO,ShangPinKeJi,VTA,,,,,1.0,,INSTRUMENT LIST,160,XV160PP16F,160-CY-01,,Control Element
472,LIT160TK09,Calcine Leach Feed Thickener O/F Tank Level meter,Field,,1001-162-PRO-DWG-JIP-100(2/2),"Level Transmitter, Ultrasonic",1001-000-ICS-DWG-JIP-025(8/31),AI,Siemens/E+H,VTA,TBD,VTA,0~2500,mm,1.0,,INSTRUMENT LIST,160,LIT160TK09,160-TK-09,Level,Condition / Measurement
473,PG160TK07,Tank 160-TK-09 to Calcine Regrind Cyclone Feed Tank Pressure Gauge,Field,162-011-WPR-SC1-100,1001-162-PRO-DWG-JIP-100(2/2),Pressure Gauge,"1001-000-ICS-DWG-JIP-025(5/24)
/1001-000-ICS-DWG-JIP-025(17/24)",,WIKA,VTA,,0-10,0-10,bar,1.0,,INSTRUMENT LIST,160,PG160TK07,160-TK-09,Pressure,Condition / Measurement
474,DIT160BX03,Calcine Leach Feed Thickener Discharge Density meter,Field,162-016-SPB-SC1-65,1001-162-PRO-DWG-JIP-100(2/2),Density meter,1001-000-ICS-DWG-JIP-025(22/24),AI,Ecophyspribor,VTA,,0~3000,0~3000,kg/m³,1.0,,INSTRUMENT LIST,160,DIT160BX03,160-BX-03,Density,Condition / Measurement
475,FIT160BX03,Calcine Leach Feed Thickener Discharge Flow meter,Field,162-016-SPB-SC1-65,1001-162-PRO-DWG-JIP-100(2/2),"Flowmeter, Electromagnetic",1001-000-ICS-DWG-JIP-025(7/24),AI,Guanghua in China,VTA,TBD,VTA,15.6,m³/h,1.0,,INSTRUMENT LIST,160,FIT160BX03,160-BX-03,Flow,Condition / Measurement
476,PG160BX03,Calcine Leach Feed Thickener Discharge Pressure Gauge,Field,162-016-SPB-SC1-65,1001-162-PRO-DWG-JIP-100(2/2),Pressure Gauge,"1001-000-ICS-DWG-JIP-025(5/24)
/1001-000-ICS-DWG-JIP-025(17/24)",,WIKA,VTA,,0-10,0-10,bar,1.0,,INSTRUMENT LIST,160,PG160BX03,160-BX-03,Pressure,Condition / Measurement
477,SV160PP19,Calcine Leach Feed Thickener Discharge Pump Gland Seal Water Solenoid Valve,Field,162-002-WGL-SC1-25,1001-162-PRO-DWG-JIP-100(2/2),Solenoid Valve,,DO,Norgren,VTA,,,,,1.0,,INSTRUMENT LIST,160,SV160PP19,160-PP-19,,Control Element
478,PG160PP19,Calcine Leach Feed Thickener Discharge Pump Gland Seal Water Pressure Gauge,Field,162-002-WGL-SC1-25,1001-162-PRO-DWG-JIP-100(2/2),Pressure Gauge,"1001-000-ICS-DWG-JIP-025(5/24)
/1001-000-ICS-DWG-JIP-025(17/24)",,WIKA,VTA,,0-10,0-10,bar,1.0,,INSTRUMENT LIST,160,PG160PP19,160-PP-19,Pressure,Condition / Measurement
479,FSL160PP19,Calcine Leach Feed Thickener Discharge Pump Gland Seal Water Flow meter,Field,162-002-WGL-SC1-25,1001-162-PRO-DWG-JIP-100(2/2),Flow Switch,1001-000-ICS-DWG-JIP-025(10/24),DI,WIKA/IFM,VTA,TBD,0-3,0-3,m/s,1.0,,INSTRUMENT LIST,160,FSL160PP19,160-PP-19,Flow,Protection / Interlock
480,SV160PP20,Calcine Leach Feed Thickener Discharge Pump Gland Seal Water Solenoid Valve,Field,162-003-WGL-SC1-25,1001-162-PRO-DWG-JIP-100(2/2),Solenoid Valve,,DO,Norgren,VTA,,,,,1.0,,INSTRUMENT LIST,160,SV160PP20,160-PP-20,,Control Element
481,PG160PP20,Calcine Leach Feed Thickener Discharge Pump Gland Seal Water Pressure Gauge,Field,162-003-WGL-SC1-25,1001-162-PRO-DWG-JIP-100(2/2),Pressure Gauge,"1001-000-ICS-DWG-JIP-025(5/24)
/1001-000-ICS-DWG-JIP-025(17/24)",,WIKA,VTA,,0-10,0-10,bar,1.0,,INSTRUMENT LIST,160,PG160PP20,160-PP-20,Pressure,Condition / Measurement
482,FSL160PP20,Calcine Leach Feed Thickener Discharge Pump Gland Seal Water Flow meter,Field,162-003-WGL-SC1-25,1001-162-PRO-DWG-JIP-100(2/2),Flow Switch,1001-000-ICS-DWG-JIP-025(10/24),DI,WIKA/IFM,VTA,TBD,0-3,0-3,m/s,1.0,,INSTRUMENT LIST,160,FSL160PP20,160-PP-20,Flow,Protection / Interlock
483,XV160PP19,Calcine Leach Feed Thickener Discharge On/Off Valve,Field,162-012-SPB-SC1-65,1001-162-PRO-DWG-JIP-100(2/2),On/Off Valve,1001-000-ICS-DWG-JIP-025(4/24),DO,ShangPinKeJi,VTA,,,,,1.0,,INSTRUMENT LIST,160,XV160PP19,160-PP-19,,Control Element
484,XV160PP20,Calcine Leach Feed Thickener Discharge On/Off Valve,Field,162-013-SPB-SC1-65,1001-162-PRO-DWG-JIP-100(2/2),On/Off Valve,1001-000-ICS-DWG-JIP-025(4/24),DO,ShangPinKeJi,VTA,,,,,1.0,,INSTRUMENT LIST,160,XV160PP20,160-PP-20,,Control Element
485,SV160PP17,Thickener Before Calcine Leach O/F Pump 160-PP-17 Gland Seal Water Solenoid Valve,Field,167-005-WGL-SC1-25,1001-162-PRO-DWG-JIP-100(2/2),Solenoid Valve,,DO,Norgren,VTA,,,,,1.0,,INSTRUMENT LIST,160,SV160PP17,160-PP-17,,Control Element
486,SV160PP18,Thickener Before Calcine Leach O/F Pump 160-PP-18 Gland Seal Water Solenoid Valve,Field,167-004-WGL-SC1-25,1001-162-PRO-DWG-JIP-100(2/2),Solenoid Valve,,DO,Norgren,VTA,,,,,1.0,,INSTRUMENT LIST,160,SV160PP18,160-PP-18,,Control Element
487,FSL160PP17,Thickener Before Calcine Leach O/F Pump 160-PP-17  Gland Seal Water Flow meter,Field,167-005-WGL-SC1-25,1001-162-PRO-DWG-JIP-100(2/2),Flow Switch,1001-000-ICS-DWG-JIP-025(10/24),DI,WIKA/IFM,VTA,TBD,0-3,0-3,m/s,1.0,,INSTRUMENT LIST,160,FSL160PP17,160-PP-17,Flow,Protection / Interlock
488,FSL160PP18,Thickener Before Calcine Leach O/F Pump 160-PP-18 Gland Seal Water Flow meter,Field,167-004-WGL-SC1-25,1001-162-PRO-DWG-JIP-100(2/2),Flow Switch,1001-000-ICS-DWG-JIP-025(10/24),DI,WIKA/IFM,VTA,TBD,0-3,0-3,m/s,1.0,,INSTRUMENT LIST,160,FSL160PP18,160-PP-18,Flow,Protection / Interlock
489,PG160PP17,Thickener Before Calcine Leach O/F Pump 160-PP-17 Gland Seal Water  Pressure Gauge,Field,167-005-WGL-SC1-25,1001-162-PRO-DWG-JIP-100(2/2),Pressure Gauge,"1001-000-ICS-DWG-JIP-025(5/24)
/1001-000-ICS-DWG-JIP-025(17/24)",,WIKA,VTA,,0-10,0-10,bar,1.0,,INSTRUMENT LIST,160,PG160PP17,160-PP-17,Pressure,Condition / Measurement
490,PG160PP18,Thickener Before Calcine Leach O/F Pump 160-PP-18 Gland Seal Water  Pressure Gauge,Field,167-004-WGL-SC1-25,1001-162-PRO-DWG-JIP-100(2/2),Pressure Gauge,"1001-000-ICS-DWG-JIP-025(5/24)
/1001-000-ICS-DWG-JIP-025(17/24)",,WIKA,VTA,,0-10,0-10,bar,1.0,,INSTRUMENT LIST,160,PG160PP18,160-PP-18,Pressure,Condition / Measurement
491,SV160PP15,Pulp 160-PP-15 Gland Seal Water Solenoid Valve,Field,167-002-WGL-SC1-25,1001-162-PRO-DWG-JIP-100(1/2),Solenoid Valve,,DO,Norgren,VTA,,,,,1.0,,INSTRUMENT LIST,160,SV160PP15,160-PP-15,,Control Element
492,SV160PP16,Pulp 160-PP-16 Gland Seal Water Solenoid Valve,Field,167-003-WGL-SC1-25,1001-162-PRO-DWG-JIP-100(1/2),Solenoid Valve,,DO,Norgren,VTA,,,,,1.0,,INSTRUMENT LIST,160,SV160PP16,160-PP-16,,Control Element
493,FSL160PP15,Pulp 160-PP-15 Gland Seal Water Flow Switch,Field,167-002-WGL-SC1-25,1001-162-PRO-DWG-JIP-100(1/2),Flow Switch,1001-000-ICS-DWG-JIP-025(10/24),DI,WIKA/IFM,VTA,TBD,0-3,0-3,m/s,1.0,,INSTRUMENT LIST,160,FSL160PP15,160-PP-15,Flow,Protection / Interlock
494,FSL160PP16,Pulp 160-PP-16 Gland Seal Water Flow Switch,Field,167-003-WGL-SC1-25,1001-162-PRO-DWG-JIP-100(1/2),Flow Switch,1001-000-ICS-DWG-JIP-025(10/24),DI,WIKA/IFM,VTA,TBD,0-3,0-3,m/s,1.0,,INSTRUMENT LIST,160,FSL160PP16,160-PP-16,Flow,Protection / Interlock
495,PG160PP15,Pulp 160-PP-15 Gland Seal Water Pressure Gauge,Field,167-002-WGL-SC1-25,1001-162-PRO-DWG-JIP-100(1/2),Pressure Gauge,"1001-000-ICS-DWG-JIP-025(5/24)
/1001-000-ICS-DWG-JIP-025(17/24)",,WIKA,VTA,,0-10,0-10,bar,1.0,,INSTRUMENT LIST,160,PG160PP15,160-PP-15,Pressure,Condition / Measurement
496,PG160PP16,Pulp 160-PP-16 Gland Seal Water Pressure Gauge,Field,167-003-WGL-SC1-25,1001-162-PRO-DWG-JIP-100(1/2),Pressure Gauge,"1001-000-ICS-DWG-JIP-025(5/24)
/1001-000-ICS-DWG-JIP-025(17/24)",,WIKA,VTA,,0-10,0-10,bar,1.0,,INSTRUMENT LIST,160,PG160PP16,160-PP-16,Pressure,Condition / Measurement
497,LS160PP24,Sump (160-PP-24) Level Switch,Field,,1001-162-PRO-DWG-JIP-100(1/2),Float Switch,1001-000-ICS-DWG-JIP-025(15/24),,TBD,VTA,,,,,1.0,,INSTRUMENT LIST,160,LS160PP24,160-PP-24,,Protection / Interlock
498,LS160PP03,Sump (160-PP-03) Level Switch,Field,,1001-162-PRO-DWG-JIP-100(2/2),Float Switch,1001-000-ICS-DWG-JIP-025(15/24),,TBD,VTA,,,,,1.0,,INSTRUMENT LIST,160,LS160PP03,160-PP-03,,Protection / Interlock
499,FV160BX03,Lime to Intensive CIL Distribution Box 160-BOX-03 Control Valve,Field,212-018-RHL-SC1-25,1001-167-PRO-DWG-JIP-100(1/2),Pinch Valve,1001-000-ICS-DWG-JIP-025(3/24),AO,NaiDe in China,VTA,,0~100%,0~100%,%,1.0,,INSTRUMENT LIST,160,FV160BX03,160-BOX-03,,Condition / Measurement
500,AIT160TK11(PH),Intensive CIL tank 02 Slurry Ph meter,Field,,1001-167-PRO-DWG-JIP-100(1/2),pH Transmitter,1001-000-ICS-DWG-JIP-025(20/24),AI,E+H,VTA,TBD,VTA,0-14,,1.0,,INSTRUMENT LIST,160,AIT160TK11(PH),160-TK-11,pH,Condition / Measurement
501,AIT160TK11(O2),Intensive CIL tank 02 Slurry O2 meter,Field,,1001-167-PRO-DWG-JIP-100(1/2),ORP Transmitter,1001-000-ICS-DWG-JIP-025(20/24),AI,E+H,VTA,TBD,0.01~100,0.01~100,mg/L,1.0,,INSTRUMENT LIST,160,AIT160TK11(O2),160-TK-11,,Condition / Measurement
502,AT160AIR01,Intensive CIL tank 02 HCN Gas Detector,Field,,1001-167-PRO-DWG-JIP-100(1/2),HCN Gas Detector,1001-000-ICS-DWG-JIP-025(18/24),AI,TBD,VTA,TBD,0~50,0~50,ppm,1.0,,INSTRUMENT LIST,160,AT160AIR01,160-AIR-01,,Condition / Measurement
503,IT160AG06,Intensive CIL tank 01 Agitator Motor Current,Field,,1001-167-PRO-DWG-JIP-100(1/2),Current Transmitter,Electrical Diagram of MCC(Vender Document),AI,VTA,VTA,TBD,VTA,VTA,A,1.0,Electrical supply,INSTRUMENT LIST,160,IT160AG06,160-AG-06,Current,Condition / Measurement
504,FI160TK10,Oxygen to Intensive CIL tank 01 Flow meter,Field,167-001-AOX-SS2-50,1001-167-PRO-DWG-JIP-100(1/2),Flow Gauge,YK06.2-5(Chinese Standard),,"Krohne
科隆",VTA,,0~4,0~4,Nm³/h,1.0,,INSTRUMENT LIST,160,FI160TK10,160-TK-10,Flow,Condition / Measurement
505,FI160TK11,Oxygen to Intensive CIL tank 02 Flow meter,Field,167-002-AOX-SS2-50,1001-167-PRO-DWG-JIP-100(1/2),Flow Gauge,YK06.2-5(Chinese Standard),,"Krohne
科隆",VTA,,0~4,0~4,Nm³/h,1.0,,INSTRUMENT LIST,160,FI160TK11,160-TK-11,Flow,Condition / Measurement
506,FI160TK12,Oxygen to Intensive CIL tank 03 Flow meter,Field,167-003-AOX-SS2-50,1001-167-PRO-DWG-JIP-100(2/2),Flow Gauge,YK06.2-5(Chinese Standard),,"Krohne
科隆",VTA,,0~2.5,0~2.5,Nm³/h,1.0,,INSTRUMENT LIST,160,FI160TK12,160-TK-12,Flow,Condition / Measurement
507,FI160TK13,Oxygen to Intensive CIL tank 04 Flow meter,Field,167-004-AOX-SS2-50,1001-167-PRO-DWG-JIP-100(2/2),Flow Gauge,YK06.2-5(Chinese Standard),,"Krohne
科隆",VTA,,0~2.5,0~2.5,Nm³/h,1.0,,INSTRUMENT LIST,160,FI160TK13,160-TK-13,Flow,Condition / Measurement
508,FI160TK14,Oxygen to Intensive CIL tank 05 Flow meter,Field,167-005-AOX-SS2-50,1001-167-PRO-DWG-JIP-100(2/2),Flow Gauge,YK06.2-5(Chinese Standard),,"Krohne
科隆",VTA,,0~2.5,0~2.5,Nm³/h,1.0,,INSTRUMENT LIST,160,FI160TK14,160-TK-14,Flow,Condition / Measurement
509,FI160TK15,Oxygen to Intensive CIL tank 06 Flow meter,Field,167-006-AOX-SS2-50,1001-167-PRO-DWG-JIP-100(2/2),Flow Gauge,YK06.2-5(Chinese Standard),,"Krohne
科隆",VTA,,0~2.5,0~2.5,Nm³/h,1.0,,INSTRUMENT LIST,160,FI160TK15,160-TK-15,Flow,Condition / Measurement
510,SV160TK12,Intensive CIL Tank 160-TK-12 Lift Solenoid Valve,Field,167-001-SCS-SC1-50,1001-167-PRO-DWG-JIP-100(2/2),Solenoid Valve,,DO,Norgren,VTA,,,,,1.0,,INSTRUMENT LIST,160,SV160TK12,160-TK-12,,Control Element
511,SV160SC06,Calcine Loaded Carbon Screen 160-SC-06 Water Supply Solenoid Valve,Field,167-002-WFL-SC1-32,1001-167-PRO-DWG-JIP-100(2/2),Solenoid Valve,,DO,Norgren,VTA,,,,,1.0,,INSTRUMENT LIST,160,SV160SC06,160-SC-06,,Control Element
512,LIT160HP01,Intensive CIL Tail Hopper 160-HOP-01 Level meter,Field,,1001-167-PRO-DWG-JIP-100(2/2),"Level Transmitter, Ultrasonic",1001-000-ICS-DWG-JIP-025(8/31),AI,Siemens/E+H,VTA,TBD,VTA,0~1080,mm,1.0,,INSTRUMENT LIST,160,LIT160HP01,160-HOP-01,Level,Condition / Measurement
513,XV160PP21A,Intensive CIL Tail Hopper 160-HOP-01 Discharge Valve,Field,167-023-SPB-SC1-65,1001-167-PRO-DWG-JIP-100(2/2),On/Off Valve,1001-000-ICS-DWG-JIP-025(4/24),DO,ShangPinKeJi,VTA,,,,,1.0,,INSTRUMENT LIST,160,XV160PP21A,160-HOP-01,,Control Element
514,XV160PP22A,Intensive CIL Tail Hopper 160-HOP-01 Discharge Valve,Field,167-024-SPB-SC1-65,1001-167-PRO-DWG-JIP-100(2/2),On/Off Valve,1001-000-ICS-DWG-JIP-025(4/24),DO,ShangPinKeJi,VTA,,,,,1.0,,INSTRUMENT LIST,160,XV160PP22A,160-HOP-01,,Control Element
515,PG170TK03,Intensive CIL Tail Hopper 160-HOP-01 Discharge Pressure Gauge,Field,167-027-SPB-SC1-65,1001-167-PRO-DWG-JIP-100(2/2),Pressure Gauge,"1001-000-ICS-DWG-JIP-025(5/24)
/1001-000-ICS-DWG-JIP-025(17/24)",,WIKA,VTA,,0-10,0-10,bar,1.0,,INSTRUMENT LIST,160,PG170TK03,160-HOP-01,Pressure,Condition / Measurement
516,SV160PP21,Pulp 160-PP-21 Gland Seal Water Solenoid Valve,Field,167-007-WGL-SC1-25,1001-167-PRO-DWG-JIP-100(2/2),Solenoid Valve,,DO,Norgren,VTA,,,,,1.0,,INSTRUMENT LIST,160,SV160PP21,160-PP-21,,Control Element
517,SV160PP22,Pulp 160-PP-22 Gland Seal Water Solenoid Valve,Field,167-008-WGL-SC1-25,1001-167-PRO-DWG-JIP-100(2/2),Solenoid Valve,,DO,Norgren,VTA,,,,,1.0,,INSTRUMENT LIST,160,SV160PP22,160-PP-22,,Control Element
518,FSL160PP21,Pulp 160-PP-21 Gland Seal Water Flow Switch,Field,167-007-WGL-SC1-25,1001-167-PRO-DWG-JIP-100(2/2),Flow Switch,1001-000-ICS-DWG-JIP-025(10/24),DI,WIKA/IFM,VTA,TBD,0-3,0-3,m/s,1.0,,INSTRUMENT LIST,160,FSL160PP21,160-PP-21,Flow,Protection / Interlock
519,FSL160PP22,Pulp 160-PP-22 Gland Seal Water Flow Switch,Field,167-008-WGL-SC1-25,1001-167-PRO-DWG-JIP-100(2/2),Flow Switch,1001-000-ICS-DWG-JIP-025(10/24),DI,WIKA/IFM,VTA,TBD,0-3,0-3,m/s,1.0,,INSTRUMENT LIST,160,FSL160PP22,160-PP-22,Flow,Protection / Interlock
520,PG160PP21,Pulp 160-PP-21 Gland Seal Water Pressure Gauge,Field,167-007-WGL-SC1-25,1001-167-PRO-DWG-JIP-100(2/2),Pressure Gauge,"1001-000-ICS-DWG-JIP-025(5/24)
/1001-000-ICS-DWG-JIP-025(17/24)",,WIKA,VTA,,0-10,0-10,bar,1.0,,INSTRUMENT LIST,160,PG160PP21,160-PP-21,Pressure,Condition / Measurement
521,PG160PP22,Pulp 160-PP-22 Gland Seal Water Pressure Gauge,Field,167-008-WGL-SC1-25,1001-167-PRO-DWG-JIP-100(2/2),Pressure Gauge,"1001-000-ICS-DWG-JIP-025(5/24)
/1001-000-ICS-DWG-JIP-025(17/24)",,WIKA,VTA,,0-10,0-10,bar,1.0,,INSTRUMENT LIST,160,PG160PP22,160-PP-22,Pressure,Condition / Measurement
522,LS160PP23,Sump (160-PP-23) Flow Switch,Field,,1001-167-PRO-DWG-JIP-100(1/2),Float Switch,1001-000-ICS-DWG-JIP-025(15/24),,TBD,VTA,,,,,1.0,,INSTRUMENT LIST,160,LS160PP23,160-PP-23,Flow,Protection / Interlock
523,LIT170TK09,Pre-Leach Thickener 170-TH-01 O/F Water Tank Level Meter,Field,,1001-170-PRO-DWG-JIP-100(1/4),"Level Transmitter, Ultrasonic",1001-000-ICS-DWG-JIP-025(8/31),AI,Siemens/E+H,VTA,TBD,VTA,0~5000,mm,1.0,,INSTRUMENT LIST,170,LIT170TK09,170-TH-01,Level,Condition / Measurement
524,FIT220TK03,Pre-Leach Thickener 170-TH-01 O/F Water Flow meter,Field,170-012-WPR-SC1-300,1001-170-PRO-DWG-JIP-100(1/4),"Flowmeter, Electromagnetic",1001-000-ICS-DWG-JIP-025(7/24),AI,Guanghua in China,VTA,TBD,VTA,0~359,m³/h,1.0,,INSTRUMENT LIST,170,FIT220TK03,170-TH-01,Flow,Condition / Measurement
525,FIT170BX02,Pre-Leach Thickener 170-TH-01 to CIL Flowmeter,Field,170-009-SPB-SC1-250,1001-170-PRO-DWG-JIP-100(1/4),"Flowmeter, Electromagnetic",1001-000-ICS-DWG-JIP-025(7/24),AI,Guanghua in China,VTA,TBD,VTA,0~220,m³/h,1.0,,INSTRUMENT LIST,170,FIT170BX02,170-TH-01,Flow,Condition / Measurement
526,DIT170BX02,Pre-Leach Thickener 170-TH-01 to CIL Density meter,Field,170-009-SPB-SC1-250,1001-170-PRO-DWG-JIP-100(1/4),Density meter,1001-000-ICS-DWG-JIP-025(22/24),AI,Ecophyspribor,VTA,,0~3000,0~3000,kg/m³,1.0,,INSTRUMENT LIST,170,DIT170BX02,170-TH-01,Density,Condition / Measurement
527,PG220TK03A,Pre-Leach Thickener 170-TH-01 O/F Water Pressure Gauge,Field,170-012-WPR-SC1-300,1001-170-PRO-DWG-JIP-100(1/4),Pressure Gauge,"1001-000-ICS-DWG-JIP-025(5/24)
/1001-000-ICS-DWG-JIP-025(17/24)",,WIKA,VTA,,0-10,0-10,bar,1.0,,INSTRUMENT LIST,170,PG220TK03A,170-TH-01,Pressure,Condition / Measurement
528,SV170PP02,Pre-Leach Thickener Discharge Pump 170-PP-02 Gland Seal Water Solenoid Valve,Field,170-002-WGL-SC1-25,1001-170-PRO-DWG-JIP-100(1/4),Solenoid Valve,,DO,Norgren,VTA,,,,,1.0,,INSTRUMENT LIST,170,SV170PP02,170-PP-02,,Control Element
529,SV170PP03,Pre-Leach Thickener Discharge Pump 170-PP-03 Gland Seal Water Solenoid Valve,Field,170-003-WGL-SC1-25,1001-170-PRO-DWG-JIP-100(1/4),Solenoid Valve,,DO,Norgren,VTA,,,,,1.0,,INSTRUMENT LIST,170,SV170PP03,170-PP-03,,Control Element
530,PG170PP02,Pre-Leach Thickener Discharge Pump 170-PP-02 Gland Seal Water Pressure Gauge,Field,170-002-WGL-SC1-25,1001-170-PRO-DWG-JIP-100(1/4),Pressure Gauge,"1001-000-ICS-DWG-JIP-025(5/24)
/1001-000-ICS-DWG-JIP-025(17/24)",,WIKA,VTA,,0-10,0-10,bar,1.0,,INSTRUMENT LIST,170,PG170PP02,170-PP-02,Pressure,Condition / Measurement
531,PG170PP03,Pre-Leach Thickener Discharge Pump 170-PP-03 Gland Seal Water Pressure Gauge,Field,170-003-WGL-SC1-25,1001-170-PRO-DWG-JIP-100(1/4),Pressure Gauge,"1001-000-ICS-DWG-JIP-025(5/24)
/1001-000-ICS-DWG-JIP-025(17/24)",,WIKA,VTA,,0-10,0-10,bar,1.0,,INSTRUMENT LIST,170,PG170PP03,170-PP-03,Pressure,Condition / Measurement
532,FSL170PP02,Pre-Leach Thickener Discharge Pump 170-PP-02 Gland Seal Water Flow Switch,Field,170-002-WGL-SC1-25,1001-170-PRO-DWG-JIP-100(1/4),Flow Switch,1001-000-ICS-DWG-JIP-025(10/24),DI,WIKA/IFM,VTA,TBD,0-3,0-3,m/s,1.0,,INSTRUMENT LIST,170,FSL170PP02,170-PP-02,Flow,Protection / Interlock
533,FSL170PP03,Pre-Leach Thickener Discharge Pump 170-PP-03 Gland Seal Water Flow Switch,Field,170-003-WGL-SC1-25,1001-170-PRO-DWG-JIP-100(1/4),Flow Switch,1001-000-ICS-DWG-JIP-025(10/24),DI,WIKA/IFM,VTA,TBD,0-3,0-3,m/s,1.0,,INSTRUMENT LIST,170,FSL170PP03,170-PP-03,Flow,Protection / Interlock
534,XV170PP02,Pre-Leach Thickener 170-TH-01 Discharge On/Off Valve Front of Pump,Field,170-005-SPB-SC1-250,1001-170-PRO-DWG-JIP-100(1/4),On/Off Valve,1001-000-ICS-DWG-JIP-025(4/24),DO,ShangPinKeJi,VTA,,,,,1.0,,INSTRUMENT LIST,170,XV170PP02,170-TH-01,,Control Element
535,XV170PP03,Pre-Leach Thickener 170-TH-01 Discharge On/Off Valve Front of Pump,Field,170-006-SPB-SC1-250,1001-170-PRO-DWG-JIP-100(1/4),On/Off Valve,1001-000-ICS-DWG-JIP-025(4/24),DO,ShangPinKeJi,VTA,,,,,1.0,,INSTRUMENT LIST,170,XV170PP03,170-TH-01,,Control Element
536,PG170BX02,Pre-Leach Thickener 170-TH-01 Discharge Pressure Gauge Rear of Pump,Field,170-009-SPB-SC1-250,1001-170-PRO-DWG-JIP-100(1/4),Pressure Gauge,"1001-000-ICS-DWG-JIP-025(5/24)
/1001-000-ICS-DWG-JIP-025(17/24)",,WIKA,VTA,,0-10,0-10,bar,1.0,,INSTRUMENT LIST,170,PG170BX02,170-TH-01,Pressure,Condition / Measurement
537,AIT170TK02(PH),Leach Tank 170-TK-02 pH Meter,Field,,1001-170-PRO-DWG-JIP-100(2/4),pH Transmitter,1001-000-ICS-DWG-JIP-025(20/24),AI,E+H,VTA,TBD,VTA,0-14,,1.0,,INSTRUMENT LIST,170,AIT170TK02(PH),170-TK-02,pH,Condition / Measurement
538,AIT170TK02(O2),Leach Tank 170-TK-02 Dissolve Oxygen Meter,Field,,1001-170-PRO-DWG-JIP-100(2/4),Dissolve oxygen Transmitter,1001-000-ICS-DWG-JIP-025(20/24),AI,E+H,VTA,TBD,0.01~100,0.01~100,mg/L,1.0,,INSTRUMENT LIST,170,AIT170TK02(O2),170-TK-02,,Condition / Measurement
539,AT170AIR01,Leach Tank 170-TK-02 near HCN gas Detector,Field,,1001-170-PRO-DWG-JIP-100(2/4),HCN Gas Detector,1001-000-ICS-DWG-JIP-025(18/24),AI,TBD,VTA,TBD,0~50,0~50,ppm,1.0,,INSTRUMENT LIST,170,AT170AIR01,170-TK-02,,Condition / Measurement
540,FI170TK01,Oxygen to Leach Tank 170-TK-01 Flow meter,Field,170-001-AOX-SS2-50,1001-170-PRO-DWG-JIP-100(2/4),Flow Gauge,YK06.2-5(Chinese Standard),,"Krohne
科隆",VTA,,30,30,Nm³/h,1.0,,INSTRUMENT LIST,170,FI170TK01,170-TK-01,Flow,Condition / Measurement
541,FI170TK02,Oxygen to Leach Tank 170-TK-02 Flow meter,Field,170-002-AOX-SS2-50,1001-170-PRO-DWG-JIP-100(2/4),Flow Gauge,YK06.2-5(Chinese Standard),,"Krohne
科隆",VTA,,30,30,Nm³/h,1.0,,INSTRUMENT LIST,170,FI170TK02,170-TK-02,Flow,Condition / Measurement
542,FI170TK03,Oxygen to Leach Tank 170-TK-03 Flow meter,Field,170-003-AOX-SS2-50,1001-170-PRO-DWG-JIP-100(3/4),Flow Gauge,YK06.2-5(Chinese Standard),,"Krohne
科隆",VTA,,12,12,Nm³/h,1.0,,INSTRUMENT LIST,170,FI170TK03,170-TK-03,Flow,Condition / Measurement
543,FI170TK04,Oxygen to Leach Tank 170-TK-04 Flow meter,Field,170-004-AOX-SS2-50,1001-170-PRO-DWG-JIP-100(3/4),Flow Gauge,YK06.2-5(Chinese Standard),,"Krohne
科隆",VTA,,12,12,Nm³/h,1.0,,INSTRUMENT LIST,170,FI170TK04,170-TK-04,Flow,Condition / Measurement
544,FI170TK05,Oxygen to Leach Tank 170-TK-05 Flow meter,Field,170-005-AOX-SS2-50,1001-170-PRO-DWG-JIP-100(3/4),Flow Gauge,YK06.2-5(Chinese Standard),,"Krohne
科隆",VTA,,12,12,Nm³/h,1.0,,INSTRUMENT LIST,170,FI170TK05,170-TK-05,Flow,Condition / Measurement
545,FI170TK06,Oxygen to Leach Tank 170-TK-06 Flow meter,Field,170-006-AOX-SS2-50,1001-170-PRO-DWG-JIP-100(4/4),Flow Gauge,YK06.2-5(Chinese Standard),,"Krohne
科隆",VTA,,12,12,Nm³/h,1.0,,INSTRUMENT LIST,170,FI170TK06,170-TK-06,Flow,Condition / Measurement
546,FI170TK07,Oxygen to Leach Tank 170-TK-07 Flow meter,Field,170-007-AOX-SS2-50,1001-170-PRO-DWG-JIP-100(4/4),Flow Gauge,YK06.2-5(Chinese Standard),,"Krohne
科隆",VTA,,12,12,Nm³/h,1.0,,INSTRUMENT LIST,170,FI170TK07,170-TK-07,Flow,Condition / Measurement
547,FI170TK08,Oxygen to Leach Tank 170-TK-08 Flow meter,Field,170-008-AOX-SS2-50,1001-170-PRO-DWG-JIP-100(4/4),Flow Gauge,YK06.2-5(Chinese Standard),,"Krohne
科隆",VTA,,12,12,Nm³/h,1.0,,INSTRUMENT LIST,170,FI170TK08,170-TK-08,Flow,Condition / Measurement
548,SV170TK03,CIL Tank 170-TK-03 Lift Solenoid Valve,Field,170-001-AHP-SC1-65,1001-170-PRO-DWG-JIP-100(3/4),Solenoid Valve,,DO,Norgren,VTA,,,,,1.0,,INSTRUMENT LIST,170,SV170TK03,170-TK-03,,Control Element
549,SV170SC01,Loaded Carbon Screen 170-SC-01 Water Supply Solenoid Valve,Field,170-003-WPR-SC1-50,1001-170-PRO-DWG-JIP-100(3/4),Solenoid Valve,,DO,Norgren,VTA,,,,,1.0,,INSTRUMENT LIST,170,SV170SC01,170-SC-01,,Control Element
550,LIT170HP01,CIP Residue Hopper 170-HOP-01 Level meter,Field,,1001-170-PRO-DWG-JIP-100(4/4),"Level Transmitter, Ultrasonic",1001-000-ICS-DWG-JIP-025(8/31),AI,Siemens/E+H,VTA,TBD,VTA,0~2400,mm,1.0,,INSTRUMENT LIST,170,LIT170HP01,170-HOP-01,Level,Condition / Measurement
551,XV170PP08,CIP Residue Hopper 170-HOP-01 Discharge On/Off Valve,Field,170-039-SPB-SC1-250,1001-170-PRO-DWG-JIP-100(4/4),On/Off Valve,1001-000-ICS-DWG-JIP-025(4/24),DO,ShangPinKeJi,VTA,,,,,1.0,,INSTRUMENT LIST,170,XV170PP08,170-HOP-01,,Control Element
552,XV170PP09,CIP Residue Hopper 170-HOP-01 Discharge On/Off Valve,Field,170-040-SPB-SC1-250,1001-170-PRO-DWG-JIP-100(4/4),On/Off Valve,1001-000-ICS-DWG-JIP-025(4/24),DO,ShangPinKeJi,VTA,,,,,1.0,,INSTRUMENT LIST,170,XV170PP09,170-HOP-01,,Control Element
553,PG190TH01,CIP Residue Hopper 170-HOP-01 Discharge Pressure Gauge,Field,170-043-SPB-SC1-250,1001-170-PRO-DWG-JIP-100(4/4),Pressure Gauge,"1001-000-ICS-DWG-JIP-025(5/24)
/1001-000-ICS-DWG-JIP-025(17/24)",,WIKA,VTA,,0-10,0-10,bar,1.0,,INSTRUMENT LIST,170,PG190TH01,170-HOP-01,Pressure,Condition / Measurement
554,SV170PP04,Pre-Leach Thickener O/F Pump 170-PP-04 Gland Seal Water Solenoid Valve,Field,170-005-WGL-SC1-25,1001-170-PRO-DWG-JIP-100(1/4),Solenoid Valve,,DO,Norgren,VTA,,,,,1.0,,INSTRUMENT LIST,170,SV170PP04,170-PP-04,,Control Element
555,SV170PP05,Pre-Leach Thickener O/F Pump 170-PP-05 Gland Seal Water Solenoid Valve,Field,170-004-WGL-SC1-25,1001-170-PRO-DWG-JIP-100(1/4),Solenoid Valve,,DO,Norgren,VTA,,,,,1.0,,INSTRUMENT LIST,170,SV170PP05,170-PP-05,,Control Element
556,FSL170PP04,Pre-Leach Thickener O/F Pump 170-PP-04 Gland Seal Water Flow Switch,Field,170-005-WGL-SC1-25,1001-170-PRO-DWG-JIP-100(1/4),Flow Switch,1001-000-ICS-DWG-JIP-025(10/24),DI,WIKA/IFM,VTA,TBD,0-3,0-3,m/s,1.0,,INSTRUMENT LIST,170,FSL170PP04,170-PP-04,Flow,Protection / Interlock
557,FSL170PP05,Pre-Leach Thickener O/F Pump 170-PP-05 Gland Seal Water Flow Switch,Field,170-004-WGL-SC1-25,1001-170-PRO-DWG-JIP-100(1/4),Flow Switch,1001-000-ICS-DWG-JIP-025(10/24),DI,WIKA/IFM,VTA,TBD,0-3,0-3,m/s,1.0,,INSTRUMENT LIST,170,FSL170PP05,170-PP-05,Flow,Protection / Interlock
558,PG170PP04,Pre-Leach Thickener O/F Pump 170-PP-04 Gland Seal Water Pressure Gauge,Field,170-005-WGL-SC1-25,1001-170-PRO-DWG-JIP-100(1/4),Pressure Gauge,"1001-000-ICS-DWG-JIP-025(5/24)
/1001-000-ICS-DWG-JIP-025(17/24)",,WIKA,VTA,,0-10,0-10,bar,1.0,,INSTRUMENT LIST,170,PG170PP04,170-PP-04,Pressure,Condition / Measurement
559,PG170PP05,Pre-Leach Thickener O/F Pump 170-PP-05 Gland Seal Water Pressure Gauge,Field,170-004-WGL-SC1-25,1001-170-PRO-DWG-JIP-100(1/4),Pressure Gauge,"1001-000-ICS-DWG-JIP-025(5/24)
/1001-000-ICS-DWG-JIP-025(17/24)",,WIKA,VTA,,0-10,0-10,bar,1.0,,INSTRUMENT LIST,170,PG170PP05,170-PP-05,Pressure,Condition / Measurement
560,SV170PP08,Pulp 170-PP-08 Gland Seal Water Solenoid Valve,Field,170-007-WGL-SC1-25,1001-170-PRO-DWG-JIP-100(4/4),Solenoid Valve,,DO,Norgren,VTA,,,,,1.0,,INSTRUMENT LIST,170,SV170PP08,170-PP-08,,Control Element
561,SV170PP09,Pulp 170-PP-09 Gland Seal Water Solenoid Valve,Field,170-008-WGL-SC1-250,1001-170-PRO-DWG-JIP-100(4/4),Solenoid Valve,,DO,Norgren,VTA,,,,,1.0,,INSTRUMENT LIST,170,SV170PP09,170-PP-09,,Control Element
562,FSL170PP08,Pulp 170-PP-08 Gland Seal Water Flow Switch,Field,170-007-WGL-SC1-25,1001-170-PRO-DWG-JIP-100(4/4),Flow Switch,1001-000-ICS-DWG-JIP-025(10/24),DI,WIKA/IFM,VTA,TBD,0-3,0-3,m/s,1.0,,INSTRUMENT LIST,170,FSL170PP08,170-PP-08,Flow,Protection / Interlock
563,FSL170PP09,Pulp 170-PP-09 Gland Seal Water Flow Switch,Field,170-008-WGL-SC1-250,1001-170-PRO-DWG-JIP-100(4/4),Flow Switch,1001-000-ICS-DWG-JIP-025(10/24),DI,WIKA/IFM,VTA,TBD,0-3,0-3,m/s,1.0,,INSTRUMENT LIST,170,FSL170PP09,170-PP-09,Flow,Protection / Interlock
564,PG170PP08,Pulp 170-PP-08 Gland Seal Water Pressure Gauge,Field,170-007-WGL-SC1-25,1001-170-PRO-DWG-JIP-100(4/4),Pressure Gauge,"1001-000-ICS-DWG-JIP-025(5/24)
/1001-000-ICS-DWG-JIP-025(17/24)",,WIKA,VTA,,0-10,0-10,bar,1.0,,INSTRUMENT LIST,170,PG170PP08,170-PP-08,Pressure,Condition / Measurement
565,PG170PP09,Pulp 170-PP-09 Gland Seal Water Pressure Gauge,Field,170-008-WGL-SC1-250,1001-170-PRO-DWG-JIP-100(4/4),Pressure Gauge,"1001-000-ICS-DWG-JIP-025(5/24)
/1001-000-ICS-DWG-JIP-025(17/24)",,WIKA,VTA,,0-10,0-10,bar,1.0,,INSTRUMENT LIST,170,PG170PP09,170-PP-09,Pressure,Condition / Measurement
566,LS170PP01,Sump (170-PP-01) Float Switch,Field,,1001-170-PRO-DWG-JIP-100(1/4),Float Switch,1001-000-ICS-DWG-JIP-025(15/24),,TBD,VTA,,,,,1.0,,INSTRUMENT LIST,170,LS170PP01,170-PP-01,,Protection / Interlock
567,LS170PP06,Sump (170-PP-06) Float Switch,Field,,1001-170-PRO-DWG-JIP-100(2/4),Float Switch,1001-000-ICS-DWG-JIP-025(15/24),,TBD,VTA,,,,,1.0,,INSTRUMENT LIST,170,LS170PP06,170-PP-06,,Protection / Interlock
568,LS170PP07,Sump (170-PP-07) Float Switch,Field,,1001-170-PRO-DWG-JIP-100(3/4),Float Switch,1001-000-ICS-DWG-JIP-025(15/24),,TBD,VTA,,,,,1.0,,INSTRUMENT LIST,170,LS170PP07,170-PP-07,,Protection / Interlock
569,PG180HX01,Liquor Eluate to Elution Recovery Heat Exchanger Pressure Gauge,Field,181-003-LEL-SS1-80,1001-181-PRO-DWG-JIP-100(1/5),Pressure Gauge,"1001-000-ICS-DWG-JIP-025(5/24)
/1001-000-ICS-DWG-JIP-025(17/24)",,WIKA,VTA,,0-10,0-10,bar,1.0,,INSTRUMENT LIST,180,PG180HX01,180-HX-01,Pressure,Condition / Measurement
570,FIT180HX01,Liquor Eluate to Elution Recovery Heat Exchanger Flowmeter,Field,181-003-LEL-SS1-80,1001-181-PRO-DWG-JIP-100(1/5),"Flowmeter, Electromagnetic",1001-000-ICS-DWG-JIP-025(7/24),AI,Guanghua in China,VTA,TBD,VTA,0~25,m³/h,1.0,,INSTRUMENT LIST,180,FIT180HX01,180-HX-01,Flow,Condition / Measurement
571,LIT180TK03,Pre-Soak Solution Tank 180-TK-03 Level meter,Field,,1001-181-PRO-DWG-JIP-100(1/5),"Level Transmitter, Ultrasonic",1001-000-ICS-DWG-JIP-025(8/31),AI,Siemens/E+H,VTA,TBD,VTA,0~3000,mm,1.0,,INSTRUMENT LIST,180,LIT180TK03,180-TK-03,Level,Condition / Measurement
572,LIT180TK04,Lean Eluate Tank 180-TK-04 Level meter,Field,,1001-181-PRO-DWG-JIP-100(1/5),"Level Transmitter, Ultrasonic",1001-000-ICS-DWG-JIP-025(8/31),AI,Siemens/E+H,VTA,TBD,VTA,0~4500,mm,1.0,,INSTRUMENT LIST,180,LIT180TK04,180-TK-04,Level,Condition / Measurement
573,LIT180TK05,Elution Water Tank 180-TK-05 Level meter,Field,,1001-181-PRO-DWG-JIP-100(1/5),"Level Transmitter, Ultrasonic",1001-000-ICS-DWG-JIP-025(8/31),AI,Siemens/E+H,VTA,TBD,VTA,0~6000,mm,1.0,,INSTRUMENT LIST,180,LIT180TK05,180-TK-05,Level,Condition / Measurement
574,LIT180TK01,Acid Storage Tank 180-TK-01 Level meter,Field,,1001-181-PRO-DWG-JIP-100(1/5),"Level Transmitter, Ultrasonic",1001-000-ICS-DWG-JIP-025(8/31),AI,Siemens/E+H,VTA,TBD,VTA,0~3000,mm,1.0,,INSTRUMENT LIST,180,LIT180TK01,180-TK-01,Level,Condition / Measurement
575,LIT180TK02,Dilute Acid Tank 180-TK-02 Level meter,Field,,1001-181-PRO-DWG-JIP-100(1/5),"Level Transmitter, Ultrasonic",1001-000-ICS-DWG-JIP-025(8/31),AI,Siemens/E+H,VTA,TBD,VTA,0~3000,mm,1.0,,INSTRUMENT LIST,180,LIT180TK02,180-TK-02,Level,Condition / Measurement
576,SV180TK03,Water to Pre-soak Solution Tank Solenoid Valve,Field,181-002-WFL-SC1-50,1001-181-PRO-DWG-JIP-100(1/5),Solenoid Valve,,DO,Norgren,VTA,,,,,1.0,,INSTRUMENT LIST,180,SV180TK03,180-TK-03,,Control Element
577,SV180TK03A,Caustic Solution to Pre-soak Solution Solenoid Valve,Field,181-001-RSH-SC3-25,1001-181-PRO-DWG-JIP-100(1/5),Solenoid Valve,,DO,Norgren,VTA,,,,,1.0,,INSTRUMENT LIST,180,SV180TK03A,180-TK-03,,Control Element
578,SV180TK03B,Cyanide Solution to Pre-soak Solution Solenoid Valve,Field,211-010-RCN-SC3-50,1001-181-PRO-DWG-JIP-100(1/5),Solenoid Valve,,DO,Norgren,VTA,,,,,1.0,,INSTRUMENT LIST,180,SV180TK03B,180-TK-03,,Control Element
579,FIT180TK03A,Caustic Solution to Pre-soak Solution Flowmeter,Field,181-001-RSH-SC3-25,1001-181-PRO-DWG-JIP-100(1/5),"Flowmeter, Electromagnetic",1001-000-ICS-DWG-JIP-025(7/24),AI,Guanghua in China,VTA,TBD,VTA,0~7.2,m³/h,1.0,,INSTRUMENT LIST,180,FIT180TK03A,180-TK-03,Flow,Condition / Measurement
580,FIT180TK03B,Cyanide Solution to Pre-soak Solution Flowmeter,Field,211-010-RCN-SC3-50,1001-181-PRO-DWG-JIP-100(1/5),"Flowmeter, Electromagnetic",1001-000-ICS-DWG-JIP-025(7/24),AI,Guanghua in China,VTA,TBD,VTA,0~7.0,m³/h,1.0,,INSTRUMENT LIST,180,FIT180TK03B,180-TK-03,Flow,Condition / Measurement
581,XV180TK03A,Pre-Soak Solution Tank 180-TK-03 Discharge Valve,Field,181-001-LEL-SS1-80,1001-181-PRO-DWG-JIP-100(1/5),On/Off Valve,1001-000-ICS-DWG-JIP-025(4/24),DO,ShangPinKeJi,VTA,,,,,1.0,,INSTRUMENT LIST,180,XV180TK03A,180-TK-03,,Control Element
582,XV180TK04A,Pre-Soak Solution Tank 180-TK-03 Discharge Valve,Field,181-002-LEL-SS1-80,1001-181-PRO-DWG-JIP-100(1/5),On/Off Valve,1001-000-ICS-DWG-JIP-025(4/24),DO,ShangPinKeJi,VTA,,,,,1.0,,INSTRUMENT LIST,180,XV180TK04A,180-TK-03,,Control Element
583,FV180PP03,Elution Pump 01 Outlet Flow Control Valve,Field,181-003-LEL-SS1-80,1001-181-PRO-DWG-JIP-100(1/5),Control Valve,1001-000-ICS-DWG-JIP-025(3/24),AO,VATTEN,VTA,,0~100%,0~100%,%,1.0,,INSTRUMENT LIST,180,FV180PP03,180-PP-03,,Control Element
584,FV180PP04,Elution WaterPump 01 Outlet Flow Control Valve,Field,181-006-WFL-SC1-80,1001-181-PRO-DWG-JIP-100(1/5),Control Valve,1001-000-ICS-DWG-JIP-025(3/24),AO,VATTEN,VTA,,0~100%,0~100%,%,1.0,,INSTRUMENT LIST,180,FV180PP04,180-PP-04,,Control Element
585,SV180TK02,Water to Dilute Acid Tank 180-TK-02 Solenoid Valve,Field,181-003-WFL-SC1-50,1001-181-PRO-DWG-JIP-100(1/5),Solenoid Valve,,DO,Norgren,VTA,,,,,1.0,,INSTRUMENT LIST,180,SV180TK02,180-TK-02,,Control Element
586,FV180CL01A,Filtered Water to Acid Column 180-CL-01 Control Valve,Field,181-009-WFL-SC1-80,1001-181-PRO-DWG-JIP-100(2/5),Control Valve,1001-000-ICS-DWG-JIP-025(3/24),AO,VATTEN,VTA,,0~100%,0~100%,%,1.0,,INSTRUMENT LIST,180,FV180CL01A,180-CL-01,,Control Element
587,FIT180CL01A,Filtered Water to Acid Column 180-CL-01 Flowmeter,Field,181-009-WFL-SC1-80,1001-181-PRO-DWG-JIP-100(2/5),"Flowmeter, Electromagnetic",1001-000-ICS-DWG-JIP-025(7/24),AI,Guanghua in China,VTA,TBD,VTA,0~25,m³/h,1.0,,INSTRUMENT LIST,180,FIT180CL01A,180-CL-01,Flow,Condition / Measurement
588,XV180CL01B,Dilute Hydrochloric Acid to Acid Column 180-CL-01 Control Valve,Field,181-004-RHA-P10-90,1001-181-PRO-DWG-JIP-100(2/5),On/Off Valve,1001-000-ICS-DWG-JIP-025(4/24),DO,ShangPinKeJi,VTA,,,,,1.0,,INSTRUMENT LIST,180,XV180CL01B,180-CL-01,,Control Element
589,FIT180CL01B,Dilute Hydrochloric Acid to Acid Column 180-CL-01 Flowmeter,Field,181-004-RHA-P10-90,1001-181-PRO-DWG-JIP-100(2/5),"Flowmeter, Electromagnetic",1001-000-ICS-DWG-JIP-025(7/24),AI,Guanghua in China,VTA,TBD,VTA,0~25,m³/h,1.0,,INSTRUMENT LIST,180,FIT180CL01B,180-CL-01,Flow,Condition / Measurement
590,XV180CL01C,Water for Acid Column 180-CL-01 On/Off Valve,Field,184-013-WPR-SC1-80,1001-181-PRO-DWG-JIP-100(2/5),On/Off Valve,1001-000-ICS-DWG-JIP-025(4/24),DO,ShangPinKeJi,VTA,,,,,1.0,,INSTRUMENT LIST,180,XV180CL01C,180-CL-01,,Control Element
591,XV180CL01E,Acid Column 180-CL-01 Discharge On/Off Valve,Field,181-056-LEL-P10-90,1001-181-PRO-DWG-JIP-100(2/5),On/Off Valve,1001-000-ICS-DWG-JIP-025(4/24),DO,ShangPinKeJi,VTA,,,,,1.0,,INSTRUMENT LIST,180,XV180CL01E,180-CL-01,,Control Element
592,XV180CL01G,Acid Column 180-CL-01 Discharge On/Off Valve,Field,181-002-SCS-SS1-80,1001-181-PRO-DWG-JIP-100(2/5),On/Off Valve,1001-000-ICS-DWG-JIP-025(4/24),DO,ShangPinKeJi,VTA,,,,,1.0,,INSTRUMENT LIST,180,XV180CL01G,180-CL-01,,Control Element
593,LIT180HP01,Acid Column 180-CL-01 Level meter,Field,,1001-181-PRO-DWG-JIP-100(2/5),"Level Transmitter, Ultrasonic",1001-000-ICS-DWG-JIP-025(8/31),AI,Siemens/E+H,VTA,TBD,VTA,0~2000,mm,1.0,,INSTRUMENT LIST,180,LIT180HP01,180-CL-01,Level,Condition / Measurement
594,XV180CL02B,Liquor Eluate to Elution Column 180-CL-02 On/Off Valve,Field,181-004-LEL-SS1-80-PP,1001-181-PRO-DWG-JIP-100(3/5),On/Off Valve,1001-000-ICS-DWG-JIP-025(4/24),DO,ShangPinKeJi,VTA,,,,,1.0,,INSTRUMENT LIST,180,XV180CL02B,180-CL-02,,Control Element
595,XV180CL02C,Water for Elution Column 180-CL-02 On/Off Valve,Field,184-006-WPR-SC1-80,1001-181-PRO-DWG-JIP-100(3/5),On/Off Valve,1001-000-ICS-DWG-JIP-025(4/24),DO,ShangPinKeJi,VTA,,,,,1.0,,INSTRUMENT LIST,180,XV180CL02C,180-CL-02,,Control Element
596,XV180CL02D,Load Carbon to Elution Column 180-CL-02 On/Off Valve,Field,181-004-SCS-SS1-80,1001-181-PRO-DWG-JIP-100(3/5),On/Off Valve,1001-000-ICS-DWG-JIP-025(4/24),DO,ShangPinKeJi,VTA,,,,,1.0,,INSTRUMENT LIST,180,XV180CL02D,180-CL-02,,Control Element
597,PG180CL02B,Liquor Eluate to Elution Recovery Heat Exchanger Pressure Gauge,Field,181-010-LEL-SS1-80-PP,1001-181-PRO-DWG-JIP-100(3/5),Pressure Gauge,"1001-000-ICS-DWG-JIP-025(5/24)
/1001-000-ICS-DWG-JIP-025(17/24)",,WIKA,VTA,,0-10,0-10,bar,1.0,,INSTRUMENT LIST,180,PG180CL02B,180-CL-02,Pressure,Condition / Measurement
598,TG180CL02A,Liquor Eluate to Elution Recovery Heat Exchanger Temperature Gauge,Field,181-010-LEL-SS1-80-PP,1001-181-PRO-DWG-JIP-100(3/5),Temperature Gauge,,,WIKA,VTA,,0-150,0-115,°C,1.0,,INSTRUMENT LIST,180,TG180CL02A,180-CL-02,Temperature,Condition / Measurement
599,TIT180CL02A,Liquor Eluate to Elution Recovery Heat Exchanger Temperature Transmitter,Field,181-010-LEL-SS1-80-PP,1001-181-PRO-DWG-JIP-100(3/5),Temperature Transmitter,1001-000-ICS-DWG-JIP-025(24/24),AI,Siemens/E+H,VTA,TBD,0-150,0-115,°C,1.0,,INSTRUMENT LIST,180,TIT180CL02A,180-CL-02,Temperature,Condition / Measurement
600,LSH180CL02,Elution Column 180-CL-02 Level Switch,Field,,1001-181-PRO-DWG-JIP-100(3/5),Level switch,1001-000-ICS-DWG-JIP-025(23/24),DI,Siemens/E+H,VTA,,,,,1.0,,INSTRUMENT LIST,180,LSH180CL02,180-CL-02,,Protection / Interlock
601,PG180CL02A,Elution Column 180-CL-02 Pressure Gauge,Field,181-009-LEL-SS1-50,1001-181-PRO-DWG-JIP-100(3/5),Pressure Gauge,"1001-000-ICS-DWG-JIP-025(5/24)
/1001-000-ICS-DWG-JIP-025(17/24)",,WIKA,VTA,,0-10,0-10,bar,1.0,,INSTRUMENT LIST,180,PG180CL02A,180-CL-02,Pressure,Condition / Measurement
602,PIT180CL02,Elution Column 180-CL-02 Pressure Transmitter,Field,181-009-LEL-SS1-50,1001-181-PRO-DWG-JIP-100(3/5),Pressure Transmitter,1001-000-ICS-DWG-JIP-025(6/24),AI,Siemens/E+H,VTA,TBD,VTA,0-2,bar,1.0,,INSTRUMENT LIST,180,PIT180CL02,180-CL-02,Pressure,Condition / Measurement
603,XV180CL02E,Elution Column 180-CL-02 Discharge On/Off Valve,Field,181-005-SCS-SS1-100,1001-181-PRO-DWG-JIP-100(3/5),On/Off Valve,1001-000-ICS-DWG-JIP-025(4/24),DO,ShangPinKeJi,VTA,,,,,1.0,,INSTRUMENT LIST,180,XV180CL02E,180-CL-02,,Control Element
604,TIT180HX01A,Elution Recovery Heat Exchanger 180-HX-01 Outlet Temperature Transmitter,Field,181-016-LEL-SS1-80,1001-181-PRO-DWG-JIP-100(4/5),Temperature Transmitter,1001-000-ICS-DWG-JIP-025(24/24),AI,Siemens/E+H,VTA,TBD,0-150,0-115,°C,1.0,,INSTRUMENT LIST,180,TIT180HX01A,180-HX-01,Temperature,Condition / Measurement
605,XV180HX01B,Elution Recovery Heat Exchanger 180-HX-01 to Lean Eluate Tank On/Off Valve,Field,181-017-LEL-SS1-80,1001-181-PRO-DWG-JIP-100(4/5),On/Off Valve,1001-000-ICS-DWG-JIP-025(4/24),DO,ShangPinKeJi,VTA,,,,,1.0,,INSTRUMENT LIST,180,XV180HX01B,180-HX-01,,Control Element
606,TIT180HX02,Elution Recovery Heat Exchanger 180-HX-02 Outlet Temperature Transmitter,Field,181-004-LEL-SS1-80-PP,1001-181-PRO-DWG-JIP-100(4/5),Temperature Transmitter,1001-000-ICS-DWG-JIP-025(24/24),AI,Siemens/E+H,VTA,TBD,0-150,0-120,°C,1.0,,INSTRUMENT LIST,180,TIT180HX02,180-HX-02,Temperature,Condition / Measurement
607,PIT180HX02B,Elution Recovery Heat Exchanger 180-HX-02 Outlet Pressure Transmitter,Field,181-004-LEL-SS1-80-PP,1001-181-PRO-DWG-JIP-100(4/5),Pressure Transmitter,1001-000-ICS-DWG-JIP-025(6/24),AI,Siemens/E+H,VTA,TBD,VTA,0-5,bar,1.0,,INSTRUMENT LIST,180,PIT180HX02B,180-HX-02,Pressure,Condition / Measurement
608,TG180HX02B,Elution Recovery Heat Exchanger 180-HX-02 Outlet Temperature Gauge,Field,181-004-LEL-SS1-80-PP,1001-181-PRO-DWG-JIP-100(4/5),Temperature Gauge,,,WIKA,VTA,,0-150,0-115,°C,1.0,,INSTRUMENT LIST,180,TG180HX02B,180-HX-02,Temperature,Condition / Measurement
609,PG180HX02A,Elution Recovery Heat Exchanger 180-HX-01 Outlet Pressure Gauge,Field,181-015-LEL-SS1-80,1001-181-PRO-DWG-JIP-100(4/5),Pressure Gauge,"1001-000-ICS-DWG-JIP-025(5/24)
/1001-000-ICS-DWG-JIP-025(17/24)",,WIKA,VTA,,0-10,0-10,bar,1.0,,INSTRUMENT LIST,180,PG180HX02A,180-HX-01,Pressure,Condition / Measurement
610,TG180HX02A,Elution Recovery Heat Exchanger 180-HX-01 Outlet Temperature Gauge,Field,181-015-LEL-SS1-80,1001-181-PRO-DWG-JIP-100(4/5),Temperature Gauge,,,WIKA,VTA,,0-150,0-120,°C,1.0,,INSTRUMENT LIST,180,TG180HX02A,180-HX-01,Temperature,Condition / Measurement
611,PG180HTR01D,Elution Primary Heat Exchanger 180-HX-02 Oil Pressure,Field,,1001-181-PRO-DWG-JIP-100(4/5),Pressure Gauge,"1001-000-ICS-DWG-JIP-025(5/24)
/1001-000-ICS-DWG-JIP-025(17/24)",,WIKA,VTA,,0-10,0-10,bar,1.0,,INSTRUMENT LIST,180,PG180HTR01D,180-HX-02,Pressure,Condition / Measurement
612,XV180TK06A,Pregnant Solution to Eletrolyte Tank 180-TK-06 On/Off Valve,Field,181-016-LEL-SS1-80,1001-181-PRO-DWG-JIP-100(5/5),On/Off Valve,1001-000-ICS-DWG-JIP-025(4/24),DO,ShangPinKeJi,VTA,,,,,1.0,,INSTRUMENT LIST,180,XV180TK06A,180-TK-06,,Control Element
613,XV180TK07A,Pregnant Solution to Eletrolyte Tank 180-TK-07 On/Off Valve,Field,--,1001-181-PRO-DWG-JIP-100(5/5),On/Off Valve,1001-000-ICS-DWG-JIP-025(4/24),DO,ShangPinKeJi,VTA,,,,,1.0,,INSTRUMENT LIST,180,XV180TK07A,180-TK-07,,Control Element
614,LIT180TK06,Pregnant Solution to Eletrolyte Tank 180-TK-06 Level meter,Field,,1001-181-PRO-DWG-JIP-100(5/5),"Level Transmitter, Ultrasonic",1001-000-ICS-DWG-JIP-025(8/31),AI,Siemens/E+H,VTA,TBD,VTA,0~3600,mm,1.0,,INSTRUMENT LIST,180,LIT180TK06,180-TK-06,Level,Condition / Measurement
615,LIT180TK07,Pregnant Solution to Eletrolyte Tank 180-TK-07 Level meter,Field,,1001-181-PRO-DWG-JIP-100(5/5),"Level Transmitter, Ultrasonic",1001-000-ICS-DWG-JIP-025(8/31),AI,Siemens/E+H,VTA,TBD,VTA,0~3600,mm,1.0,,INSTRUMENT LIST,180,LIT180TK07,180-TK-07,Level,Condition / Measurement
616,FIT180ELW01,Pregnant Solution to Electrowinning Cell 1&2 Flowmeter,Field,181-025-LEL-SS1-80,1001-181-PRO-DWG-JIP-100(5/5),"Flowmeter, Electromagnetic",1001-000-ICS-DWG-JIP-025(7/24),AI,Guanghua in China,VTA,TBD,VTA,0~60,m³/h,1.0,,INSTRUMENT LIST,180,FIT180ELW01,180-ELW-01,Flow,Condition / Measurement
617,FIT180ELW03,Pregnant Solution to Electrowinning Cell 3&4 Flowmeter,Field,181-026-LEL-SS1-80,1001-181-PRO-DWG-JIP-100(5/5),"Flowmeter, Electromagnetic",1001-000-ICS-DWG-JIP-025(7/24),AI,Guanghua in China,VTA,TBD,VTA,0~60,m³/h,1.0,,INSTRUMENT LIST,180,FIT180ELW03,180-ELW-03,Flow,Condition / Measurement
618,FIT180ELW05,Pregnant Solution to Electrowinning Cell 5&6 Flowmeter,Field,181-027-LEL-SS1-80,1001-181-PRO-DWG-JIP-100(5/5),"Flowmeter, Electromagnetic",1001-000-ICS-DWG-JIP-025(7/24),AI,Guanghua in China,VTA,TBD,VTA,0~60,m³/h,1.0,,INSTRUMENT LIST,180,FIT180ELW05,180-ELW-05,Flow,Condition / Measurement
619,XV180PP07,Spent Electrolyte to CIL Distribution Box 170-BX-02 On/Off Valve,Field,--,1001-181-PRO-DWG-JIP-100(5/5),On/Off Valve,1001-000-ICS-DWG-JIP-025(4/24),DO,ShangPinKeJi,VTA,,,,,1.0,,INSTRUMENT LIST,180,XV180PP07,170-BX-02,,Control Element
620,XV180PP08,Spent Electrolyte to CIL Distribution Box 170-BX-02 On/Off Valve,Field,181-023-LEL-SC1-100,1001-181-PRO-DWG-JIP-100(5/5),On/Off Valve,1001-000-ICS-DWG-JIP-025(4/24),DO,ShangPinKeJi,VTA,,,,,1.0,,INSTRUMENT LIST,180,XV180PP08,170-BX-02,,Control Element
621,LS180PP06,Sump(180-PP-06) Float meter,Field,,1001-181-PRO-DWG-JIP-100(2/5),Float Switch,1001-000-ICS-DWG-JIP-025(15/24),,TBD,VTA,,,,,1.0,,INSTRUMENT LIST,180,LS180PP06,180-PP-06,,Protection / Interlock
622,LS180PP05,Sump(180-PP-05) Float meter,Field,,1001-181-PRO-DWG-JIP-100(1/5),Float Switch,1001-000-ICS-DWG-JIP-025(15/24),,TBD,VTA,,,,,1.0,,INSTRUMENT LIST,180,LS180PP05,180-PP-05,,Protection / Interlock
623,LS180PP14,Sump(180-PP-14) Float meter,Field,,1001-181-PRO-DWG-JIP-100(5/5),Float Switch,1001-000-ICS-DWG-JIP-025(15/24),,TBD,VTA,,,,,1.0,,INSTRUMENT LIST,180,LS180PP14,180-PP-14,,Protection / Interlock
624,LS180PP17,Sump (180-PP-17) Float Switch,Field,,1001-181-PRO-DWG-JIP-100(1/5),Float Switch,1001-000-ICS-DWG-JIP-025(15/24),,TBD,VTA,,,,,1.0,,INSTRUMENT LIST,180,LS180PP17,180-PP-17,,Protection / Interlock
625,LIT180POND02,Water Pond 180-Pond-02 Level meter,Field,,1001-184-PRO-DWG-JIP-100,"Level Transmitter, Ultrasonic",1001-000-ICS-DWG-JIP-025(8/31),AI,Siemens/E+H,VTA,TBD,VTA,-2500~0,mm,1.0,,INSTRUMENT LIST,180,LIT180POND02,180-POND-02,Level,Condition / Measurement
626,SV180POND01,Filted Water to Sedimentation Pond 180-Pond-01 Solenoid Valve,Field,,1001-184-PRO-DWG-JIP-100,Solenoid Valve,,DO,Norgren,VTA,,,,,1.0,,INSTRUMENT LIST,180,SV180POND01,180-POND-01,,Control Element
627,LIT180HP02,Kiln Feed Hopper 180-HOP-02 Level meter,Field,,1001-184-PRO-DWG-JIP-100,"Level Transmitter, Ultrasonic",1001-000-ICS-DWG-JIP-025(8/31),AI,Siemens/E+H,VTA,TBD,VTA,0~3700,mm,1.0,,INSTRUMENT LIST,180,LIT180HP02,180-HOP-02,Level,Condition / Measurement
628,LIT180TK10,Quench Tank (180-TK-10) Level meter,Field,,1001-184-PRO-DWG-JIP-100,"Level Transmitter, Ultrasonic",1001-000-ICS-DWG-JIP-025(8/31),AI,Siemens/E+H,VTA,TBD,VTA,0~700,mm,1.0,,INSTRUMENT LIST,180,LIT180TK10,180-TK-10,Level,Condition / Measurement
629,IT180AG01,Carbon Agitation Tank Agitator 180-AG-01 Current Transmitter,Field,,1001-184-PRO-DWG-JIP-100,Current Transmitter,Electrical Diagram of MCC(Vender Document),AI,VTA,VTA,TBD,VTA,VTA,A,1.0,Electrical supply,INSTRUMENT LIST,180,IT180AG01,180-AG-01,Current,Condition / Measurement
630,SV185TK01,Water to Frequency Intermediate Furnace Circuit Water Tank Solenoid Valve,Field,181-001-WFL-SC1-50,1001-185-PRO-DWG-JIP-100(2/2),Solenoid Valve,,DO,Norgren,VTA,,,,,1.0,,INSTRUMENT LIST,180,SV185TK01,185-TK-01,,Control Element
631,LIT185TK01,Water to Frequency Intermediate Furnace Circuit Water Tank Level meter,Field,,1001-185-PRO-DWG-JIP-100(2/2),"Level Transmitter, Ultrasonic",1001-000-ICS-DWG-JIP-025(8/31),AI,Siemens/E+H,VTA,TBD,VTA,0~3000,mm,1.0,,INSTRUMENT LIST,180,LIT185TK01,185-TK-01,Level,Condition / Measurement
632,LS185PP05,Sump (185-PP-05) Float Switch,Field,,1001-185-PRO-DWG-JIP-100(1/2),Float Switch,1001-000-ICS-DWG-JIP-025(15/24),,TBD,VTA,,,,,1.0,,INSTRUMENT LIST,180,LS185PP05,185-PP-05,,Protection / Interlock
633,LIT185PP02,Cooling Water Reclaiming Tank (185-FUR-01-TK) Level Transmitter,Field,,1001-185-PRO-DWG-JIP-100(1/2),"Level Transmitter, Ultrasonic",1001-000-ICS-DWG-JIP-025(8/31),AI,Siemens/E+H,VTA,TBD,VTA,0~1200,mm,1.0,,INSTRUMENT LIST,180,LIT185PP02,185-FUR-01,Level,Condition / Measurement
634,FV190TK14,Lime to Acid Water Neutralization Tank 190-TK-14 Pinch Valve,Field,212-015-RHL-SC1-50,1001-192-PRO-DWG-JIP-100(1/4),Pinch Valve,1001-000-ICS-DWG-JIP-025(3/24),AO,NaiDe in China,VTA,,0~100%,0~100%,%,1.0,,INSTRUMENT LIST,190,FV190TK14,190-TK-14,,Condition / Measurement
635,LIT190TK15,Acid Water Neutralization Tank 190-TK-15 Level meter,Field,,1001-192-PRO-DWG-JIP-100(1/4),"Level Transmitter, Ultrasonic",1001-000-ICS-DWG-JIP-025(8/31),AI,Siemens/E+H,VTA,TBD,VTA,0~4000,mm,1.0,,INSTRUMENT LIST,190,LIT190TK15,190-TK-15,Level,Condition / Measurement
636,AIT190TK15,Acid Water Neutralization Tank 190-TK-15 pH meter,Field,,1001-192-PRO-DWG-JIP-100(1/4),pH Transmitter,1001-000-ICS-DWG-JIP-025(20/24),AI,E+H,VTA,TBD,VTA,0-14,,1.0,,INSTRUMENT LIST,190,AIT190TK15,190-TK-15,pH,Condition / Measurement
637,LIT190TK01,Tail Dewatering Thickener 190-TH-01 Discharge Tank Level Meter,Field,,1001-192-PRO-DWG-JIP-100(1/4),"Level Transmitter, Ultrasonic",1001-000-ICS-DWG-JIP-025(8/31),AI,Siemens/E+H,VTA,TBD,VTA,0~8500,mm,1.0,,INSTRUMENT LIST,190,LIT190TK01,190-TH-01,Level,Condition / Measurement
638,FIT190TK01,Tail Dewatering Thickener 190-TH-01 Discharge Flowmeter,Field,192-006-SPB-SC1-250,1001-192-PRO-DWG-JIP-100(1/4),"Flowmeter, Electromagnetic",1001-000-ICS-DWG-JIP-025(7/24),AI,Guanghua in China,VTA,TBD,VTA,0~203,m³/h,1.0,,INSTRUMENT LIST,190,FIT190TK01,190-TH-01,Flow,Condition / Measurement
639,DIT190TK01,Tail Dewatering Thickener 190-TH-01 Discharge Density meter,Field,192-006-SPB-SC1-250,1001-192-PRO-DWG-JIP-100(1/4),Density meter,1001-000-ICS-DWG-JIP-025(22/24),AI,Ecophyspribor,VTA,,0~3000,0~3000,kg/m³,1.0,,INSTRUMENT LIST,190,DIT190TK01,190-TH-01,Density,Condition / Measurement
640,LIT190TK02,Tail Dewatering Thickener 190-TH-01 O/F Tank Level Meter,Field,,1001-192-PRO-DWG-JIP-100(1/4),"Level Transmitter, Ultrasonic",1001-000-ICS-DWG-JIP-025(8/31),AI,Siemens/E+H,VTA,TBD,VTA,0~4000,mm,1.0,,INSTRUMENT LIST,190,LIT190TK02,190-TH-01,Level,Condition / Measurement
641,AT190AIR01,Tail Buffer Tank 190-TK-01  HCN Gas Detector,Field,,1001-192-PRO-DWG-JIP-100(1/4),HCN Gas Detector,1001-000-ICS-DWG-JIP-025(18/24),AI,TBD,VTA,TBD,0~50,0~50,ppm,1.0,,INSTRUMENT LIST,190,AT190AIR01,190-TK-01,,Condition / Measurement
642,IT190AG08,Tail Buffer Tank 190-TK-01  Moter Currrent,Field,,1001-192-PRO-DWG-JIP-100(1/4),Current Transmitter,Electrical Diagram of MCC(Vender Document),AI,VTA,VTA,TBD,VTA,VTA,A,1.0,Electrical supply,INSTRUMENT LIST,190,IT190AG08,190-TK-01,Current,Condition / Measurement
643,IT190AG09,Acid Water Neutralization Tank 190-TK-14  Moter Currrent,Field,,1001-192-PRO-DWG-JIP-100(1/4),Current Transmitter,Electrical Diagram of MCC(Vender Document),AI,VTA,VTA,TBD,VTA,VTA,A,1.0,Electrical supply,INSTRUMENT LIST,190,IT190AG09,190-TK-14,Current,Condition / Measurement
644,IT190AG10,Acid Water Neutralization Tank 190-TK-15  Moter Currrent,Field,,1001-192-PRO-DWG-JIP-100(1/4),Current Transmitter,Electrical Diagram of MCC(Vender Document),AI,VTA,VTA,TBD,VTA,VTA,A,1.0,Electrical supply,INSTRUMENT LIST,190,IT190AG10,190-TK-15,Current,Condition / Measurement
645,SV190PP01,Thickener 190-TH-01 Discharge Pump Gland Seal Water Solenoid Valve,Field,192-002-WGL-SC1-25,1001-192-PRO-DWG-JIP-100(1/4),Solenoid Valve,,DO,Norgren,VTA,,,,,1.0,,INSTRUMENT LIST,190,SV190PP01,190-TH-01,,Control Element
646,SV190PP02,Thickener 190-TH-01 Discharge Pump Gland Seal Water Solenoid Valve,Field,192-003-WGL-SC1-25,1001-192-PRO-DWG-JIP-100(1/4),Solenoid Valve,,DO,Norgren,VTA,,,,,1.0,,INSTRUMENT LIST,190,SV190PP02,190-TH-01,,Control Element
647,PG190PP01,Thickener 190-TH-01 Discharge Pump Gland Seal Water Pressure Gauge,Field,192-002-WGL-SC1-25,1001-192-PRO-DWG-JIP-100(1/4),Pressure Gauge,"1001-000-ICS-DWG-JIP-025(5/24)
/1001-000-ICS-DWG-JIP-025(17/24)",,WIKA,VTA,,0-10,0-10,bar,1.0,,INSTRUMENT LIST,190,PG190PP01,190-TH-01,Pressure,Condition / Measurement
648,PG190PP02,Thickener 190-TH-01 Discharge Pump Gland Seal Water Pressure Gauge,Field,192-003-WGL-SC1-25,1001-192-PRO-DWG-JIP-100(1/4),Pressure Gauge,"1001-000-ICS-DWG-JIP-025(5/24)
/1001-000-ICS-DWG-JIP-025(17/24)",,WIKA,VTA,,0-10,0-10,bar,1.0,,INSTRUMENT LIST,190,PG190PP02,190-TH-01,Pressure,Condition / Measurement
649,FSL190PP01,Thickener 190-TH-01 Discharge Pump Gland Seal Water Flow Switch,Field,192-002-WGL-SC1-25,1001-192-PRO-DWG-JIP-100(1/4),Flow Switch,1001-000-ICS-DWG-JIP-025(10/24),DI,WIKA/IFM,VTA,TBD,0-3,0-3,m/s,1.0,,INSTRUMENT LIST,190,FSL190PP01,190-TH-01,Flow,Protection / Interlock
650,FSL190PP02,Thickener 190-TH-01 Discharge Pump Gland Seal Water Flow Switch,Field,192-003-WGL-SC1-25,1001-192-PRO-DWG-JIP-100(1/4),Flow Switch,1001-000-ICS-DWG-JIP-025(10/24),DI,WIKA/IFM,VTA,TBD,0-3,0-3,m/s,1.0,,INSTRUMENT LIST,190,FSL190PP02,190-TH-01,Flow,Protection / Interlock
651,SV190PP09,Filter Pump 190-PP-09 Gland Seal Water Solenoid Valve,Field,192-005-WGL-SC1-25,1001-192-PRO-DWG-JIP-100(1/4),Solenoid Valve,,DO,Norgren,VTA,,,,,1.0,,INSTRUMENT LIST,190,SV190PP09,190-PP-09,,Control Element
652,SV190PP10,Filter Pump 190-PP-10 Gland Seal Water Solenoid Valve,Field,192-006-WGL-SC1-25,1001-192-PRO-DWG-JIP-100(1/4),Solenoid Valve,,DO,Norgren,VTA,,,,,1.0,,INSTRUMENT LIST,190,SV190PP10,190-PP-10,,Control Element
653,FSL190PP09,Filter Pump 190-PP-09 Gland Seal Water Flow Switch,Field,192-005-WGL-SC1-25,1001-192-PRO-DWG-JIP-100(1/4),Flow Switch,1001-000-ICS-DWG-JIP-025(10/24),DI,WIKA/IFM,VTA,TBD,0-3,0-3,m/s,1.0,,INSTRUMENT LIST,190,FSL190PP09,190-PP-09,Flow,Protection / Interlock
654,FSL190PP10,Filter Pump 190-PP-10 Gland Seal Water Flow Switch,Field,192-006-WGL-SC1-25,1001-192-PRO-DWG-JIP-100(1/4),Flow Switch,1001-000-ICS-DWG-JIP-025(10/24),DI,WIKA/IFM,VTA,TBD,0-3,0-3,m/s,1.0,,INSTRUMENT LIST,190,FSL190PP10,190-PP-10,Flow,Protection / Interlock
655,PG190PP09,Filter Pump 190-PP-09 Gland Seal Water Pressure Gauge,Field,192-005-WGL-SC1-25,1001-192-PRO-DWG-JIP-100(1/4),Pressure Gauge,"1001-000-ICS-DWG-JIP-025(5/24)
/1001-000-ICS-DWG-JIP-025(17/24)",,WIKA,VTA,,0-10,0-10,bar,1.0,,INSTRUMENT LIST,190,PG190PP09,190-PP-09,Pressure,Condition / Measurement
656,PG190PP10,Filter Pump 190-PP-10 Gland Seal Water Pressure Gauge,Field,192-006-WGL-SC1-25,1001-192-PRO-DWG-JIP-100(1/4),Pressure Gauge,"1001-000-ICS-DWG-JIP-025(5/24)
/1001-000-ICS-DWG-JIP-025(17/24)",,WIKA,VTA,,0-10,0-10,bar,1.0,,INSTRUMENT LIST,190,PG190PP10,190-PP-10,Pressure,Condition / Measurement
657,XV190PP01,Tail Dewatering Thickener 190-TH-01 Discharge On/Off Valve,Field,192-004-SPB-SC1-250,1001-192-PRO-DWG-JIP-100(1/4),On/Off Valve,1001-000-ICS-DWG-JIP-025(4/24),DO,ShangPinKeJi,VTA,,,,,1.0,,INSTRUMENT LIST,190,XV190PP01,190-TH-01,,Control Element
658,XV190PP02,Tail Dewatering Thickener 190-TH-01 Discharge On/Off Valve,Field,192-003-SPB-SC1-250,1001-192-PRO-DWG-JIP-100(1/4),On/Off Valve,1001-000-ICS-DWG-JIP-025(4/24),DO,ShangPinKeJi,VTA,,,,,1.0,,INSTRUMENT LIST,190,XV190PP02,190-TH-01,,Control Element
659,LIT190TK03,Water Tank For Filter Press Squeezing Level meter,Field,,1001-192-PRO-DWG-JIP-100(3/4),"Level Transmitter, Ultrasonic",1001-000-ICS-DWG-JIP-025(8/31),AI,Siemens/E+H,VTA,TBD,VTA,0~5600,mm,1.0,,INSTRUMENT LIST,190,LIT190TK03,190-TK-03,Level,Condition / Measurement
660,LIT190TK12,Water Tank For Filter Press 02 Level meter,Field,,1001-192-PRO-DWG-JIP-100(3/4),"Level Transmitter, Ultrasonic",1001-000-ICS-DWG-JIP-025(8/31),AI,Siemens/E+H,VTA,TBD,VTA,0~1500,mm,1.0,,INSTRUMENT LIST,190,LIT190TK12,190-TK-12,Level,Condition / Measurement
661,SSL190CV01,Conveyor Belt (190-CV-01) Underspeed Switch,Field,,1001-192-PRO-DWG-JIP-100(4/4),Underspeed Switch,1001-000-ICS-DWG-JIP-025(13/24),DI,Vendor To Advise,VTA,TBD,VTA,VTA,r/min,1.0,Vendor supply,INSTRUMENT LIST,190,SSL190CV01,190-CV-01,Speed,Protection / Interlock
662,SSL190CV02,Conveyor Belt (190-CV-02) Underspeed Switch,Field,,1001-192-PRO-DWG-JIP-100(4/4),Underspeed Switch,1001-000-ICS-DWG-JIP-025(13/24),DI,Vendor To Advise,VTA,TBD,VTA,VTA,r/min,1.0,Vendor supply,INSTRUMENT LIST,190,SSL190CV02,190-CV-02,Speed,Protection / Interlock
663,SSL190CV03,Conveyor Belt (190-CV-03) Underspeed Switch,Field,,1001-192-PRO-DWG-JIP-100(4/4),Underspeed Switch,1001-000-ICS-DWG-JIP-025(13/24),DI,Vendor To Advise,VTA,TBD,VTA,VTA,r/min,1.0,Vendor supply,INSTRUMENT LIST,190,SSL190CV03,190-CV-03,Speed,Protection / Interlock
664,SSL190CV04,Conveyor Belt (190-CV-04) Underspeed Switch,Field,,1001-192-PRO-DWG-JIP-100(4/4),Underspeed Switch,1001-000-ICS-DWG-JIP-025(13/24),DI,Vendor To Advise,VTA,TBD,VTA,VTA,r/min,1.0,Vendor supply,INSTRUMENT LIST,190,SSL190CV04,190-CV-04,Speed,Protection / Interlock
665,SSL190CV05,Conveyor Belt (190-CV-05) Underspeed Switch,Field,,1001-192-PRO-DWG-JIP-100(4/4),Underspeed Switch,1001-000-ICS-DWG-JIP-025(13/24),DI,Vendor To Advise,VTA,TBD,VTA,VTA,r/min,1.0,Vendor supply,INSTRUMENT LIST,190,SSL190CV05,190-CV-05,Speed,Protection / Interlock
666,SSL190CV06,Conveyor Belt (190-CV-06) Underspeed Switch,Field,,1001-192-PRO-DWG-JIP-100(4/4),Underspeed Switch,1001-000-ICS-DWG-JIP-025(13/24),DI,Vendor To Advise,VTA,TBD,VTA,VTA,r/min,1.0,Vendor supply,INSTRUMENT LIST,190,SSL190CV06,190-CV-06,Speed,Protection / Interlock
667,HS190CV01A,Conveyor Belt (190-CV-01) Pullwire Switch-Left,Field,,1001-192-PRO-DWG-JIP-100(4/4),Pullwire Switch,1001-000-ICS-DWG-JIP-025(14/24),DI,Vendor To Advise,VTA,,,,,1.0,Vendor supply,INSTRUMENT LIST,190,HS190CV01A,190-CV-01,,Protection / Interlock
668,HS190CV01B,Conveyor Belt (190-CV-01) Pullwire Switch-Right,Field,,1001-192-PRO-DWG-JIP-100(4/4),Pullwire Switch,1001-000-ICS-DWG-JIP-025(14/24),DI,Vendor To Advise,VTA,,,,,1.0,Vendor supply,INSTRUMENT LIST,190,HS190CV01B,190-CV-01,,Protection / Interlock
669,HS190CV02A,Conveyor Belt (190-CV-02) Pullwire Switch-Left,Field,,1001-192-PRO-DWG-JIP-100(4/4),Pullwire Switch,1001-000-ICS-DWG-JIP-025(14/24),DI,Vendor To Advise,VTA,,,,,1.0,Vendor supply,INSTRUMENT LIST,190,HS190CV02A,190-CV-02,,Protection / Interlock
670,HS190CV02B,Conveyor Belt (190-CV-02) Pullwire Switch-Right,Field,,1001-192-PRO-DWG-JIP-100(4/4),Pullwire Switch,1001-000-ICS-DWG-JIP-025(14/24),DI,Vendor To Advise,VTA,,,,,1.0,Vendor supply,INSTRUMENT LIST,190,HS190CV02B,190-CV-02,,Protection / Interlock
671,HS190CV03A,Conveyor Belt (190-CV-03) Pullwire Switch-Left,Field,,1001-192-PRO-DWG-JIP-100(4/4),Pullwire Switch,1001-000-ICS-DWG-JIP-025(14/24),DI,Vendor To Advise,VTA,,,,,1.0,Vendor supply,INSTRUMENT LIST,190,HS190CV03A,190-CV-03,,Protection / Interlock
672,HS190CV03B,Conveyor Belt (190-CV-03) Pullwire Switch-Right,Field,,1001-192-PRO-DWG-JIP-100(4/4),Pullwire Switch,1001-000-ICS-DWG-JIP-025(14/24),DI,Vendor To Advise,VTA,,,,,1.0,Vendor supply,INSTRUMENT LIST,190,HS190CV03B,190-CV-03,,Protection / Interlock
673,HS190CV04A,Conveyor Belt (190-CV-04) Pullwire Switch-Left,Field,,1001-192-PRO-DWG-JIP-100(4/4),Pullwire Switch,1001-000-ICS-DWG-JIP-025(14/24),DI,Vendor To Advise,VTA,,,,,1.0,Vendor supply,INSTRUMENT LIST,190,HS190CV04A,190-CV-04,,Protection / Interlock
674,HS190CV04B,Conveyor Belt (190-CV-04) Pullwire Switch-Right,Field,,1001-192-PRO-DWG-JIP-100(4/4),Pullwire Switch,1001-000-ICS-DWG-JIP-025(14/24),DI,Vendor To Advise,VTA,,,,,1.0,Vendor supply,INSTRUMENT LIST,190,HS190CV04B,190-CV-04,,Protection / Interlock
675,HS190CV05A,Conveyor Belt (190-CV-05) Pullwire Switch-Left,Field,,1001-192-PRO-DWG-JIP-100(4/4),Pullwire Switch,1001-000-ICS-DWG-JIP-025(14/24),DI,Vendor To Advise,VTA,,,,,1.0,Vendor supply,INSTRUMENT LIST,190,HS190CV05A,190-CV-05,,Protection / Interlock
676,HS190CV05B,Conveyor Belt (190-CV-05) Pullwire Switch-Right,Field,,1001-192-PRO-DWG-JIP-100(4/4),Pullwire Switch,1001-000-ICS-DWG-JIP-025(14/24),DI,Vendor To Advise,VTA,,,,,1.0,Vendor supply,INSTRUMENT LIST,190,HS190CV05B,190-CV-05,,Protection / Interlock
677,HS190CV06A,Conveyor Belt (190-CV-06) Pullwire Switch-Left,Field,,1001-192-PRO-DWG-JIP-100(4/4),Pullwire Switch,1001-000-ICS-DWG-JIP-025(14/24),DI,Vendor To Advise,VTA,,,,,1.0,Vendor supply,INSTRUMENT LIST,190,HS190CV06A,190-CV-06,,Protection / Interlock
678,HS190CV06B,Conveyor Belt (190-CV-06) Pullwire Switch-Right,Field,,1001-192-PRO-DWG-JIP-100(4/4),Pullwire Switch,1001-000-ICS-DWG-JIP-025(14/24),DI,Vendor To Advise,VTA,,,,,1.0,Vendor supply,INSTRUMENT LIST,190,HS190CV06B,190-CV-06,,Protection / Interlock
679,ZS190CV01AA,Conveyor Belt (190-CV-01) Drift Switch-Tail Left,Field,,1001-192-PRO-DWG-JIP-100(4/4),Drift Switch,1001-000-ICS-DWG-JIP-025(11/24),DI,Vendor To Advise,VTA,,,,,1.0,Vendor supply,INSTRUMENT LIST,190,ZS190CV01AA,190-CV-01,,Protection / Interlock
680,ZS190CV01AB,Conveyor Belt (190-CV-01) Drift Switch-Tail Right,Field,,1001-192-PRO-DWG-JIP-100(4/4),Drift Switch,1001-000-ICS-DWG-JIP-025(11/24),DI,Vendor To Advise,VTA,,,,,1.0,Vendor supply,INSTRUMENT LIST,190,ZS190CV01AB,190-CV-01,,Protection / Interlock
681,ZS190CV01BA,Conveyor Belt (190-CV-01) Drift Switch-Head Left,Field,,1001-192-PRO-DWG-JIP-100(4/4),Drift Switch,1001-000-ICS-DWG-JIP-025(11/24),DI,Vendor To Advise,VTA,,,,,1.0,Vendor supply,INSTRUMENT LIST,190,ZS190CV01BA,190-CV-01,,Protection / Interlock
682,ZS190CV01BB,Conveyor Belt (190-CV-01) Drift Switch-Head Right,Field,,1001-192-PRO-DWG-JIP-100(4/4),Drift Switch,1001-000-ICS-DWG-JIP-025(11/24),DI,Vendor To Advise,VTA,,,,,1.0,Vendor supply,INSTRUMENT LIST,190,ZS190CV01BB,190-CV-01,,Protection / Interlock
683,ZS190CV02AA,Conveyor Belt (190-CV-02) Drift Switch-Tail Left,Field,,1001-192-PRO-DWG-JIP-100(4/4),Drift Switch,1001-000-ICS-DWG-JIP-025(11/24),DI,Vendor To Advise,VTA,,,,,1.0,Vendor supply,INSTRUMENT LIST,190,ZS190CV02AA,190-CV-02,,Protection / Interlock
684,ZS190CV02AB,Conveyor Belt (190-CV-02) Drift Switch-Tail Right,Field,,1001-192-PRO-DWG-JIP-100(4/4),Drift Switch,1001-000-ICS-DWG-JIP-025(11/24),DI,Vendor To Advise,VTA,,,,,1.0,Vendor supply,INSTRUMENT LIST,190,ZS190CV02AB,190-CV-02,,Protection / Interlock
685,ZS190CV02BA,Conveyor Belt (190-CV-02) Drift Switch-Head Left,Field,,1001-192-PRO-DWG-JIP-100(4/4),Drift Switch,1001-000-ICS-DWG-JIP-025(11/24),DI,Vendor To Advise,VTA,,,,,1.0,Vendor supply,INSTRUMENT LIST,190,ZS190CV02BA,190-CV-02,,Protection / Interlock
686,ZS190CV02BB,Conveyor Belt (190-CV-02) Drift Switch-Head Right,Field,,1001-192-PRO-DWG-JIP-100(4/4),Drift Switch,1001-000-ICS-DWG-JIP-025(11/24),DI,Vendor To Advise,VTA,,,,,1.0,Vendor supply,INSTRUMENT LIST,190,ZS190CV02BB,190-CV-02,,Protection / Interlock
687,ZS190CV03AA,Conveyor Belt (190-CV-03) Drift Switch-Tail Left,Field,,1001-192-PRO-DWG-JIP-100(4/4),Drift Switch,1001-000-ICS-DWG-JIP-025(11/24),DI,Vendor To Advise,VTA,,,,,1.0,Vendor supply,INSTRUMENT LIST,190,ZS190CV03AA,190-CV-03,,Protection / Interlock
688,ZS190CV03AB,Conveyor Belt (190-CV-03) Drift Switch-Tail Right,Field,,1001-192-PRO-DWG-JIP-100(4/4),Drift Switch,1001-000-ICS-DWG-JIP-025(11/24),DI,Vendor To Advise,VTA,,,,,1.0,Vendor supply,INSTRUMENT LIST,190,ZS190CV03AB,190-CV-03,,Protection / Interlock
689,ZS190CV03BA,Conveyor Belt (190-CV-03) Drift Switch-Head Left,Field,,1001-192-PRO-DWG-JIP-100(4/4),Drift Switch,1001-000-ICS-DWG-JIP-025(11/24),DI,Vendor To Advise,VTA,,,,,1.0,Vendor supply,INSTRUMENT LIST,190,ZS190CV03BA,190-CV-03,,Protection / Interlock
690,ZS190CV03BB,Conveyor Belt (190-CV-03) Drift Switch-Head Right,Field,,1001-192-PRO-DWG-JIP-100(4/4),Drift Switch,1001-000-ICS-DWG-JIP-025(11/24),DI,Vendor To Advise,VTA,,,,,1.0,Vendor supply,INSTRUMENT LIST,190,ZS190CV03BB,190-CV-03,,Protection / Interlock
691,ZS190CV04AA,Conveyor Belt (190-CV-04) Drift Switch-Tail Left,Field,,1001-192-PRO-DWG-JIP-100(4/4),Drift Switch,1001-000-ICS-DWG-JIP-025(11/24),DI,Vendor To Advise,VTA,,,,,1.0,Vendor supply,INSTRUMENT LIST,190,ZS190CV04AA,190-CV-04,,Protection / Interlock
692,ZS190CV04AB,Conveyor Belt (190-CV-04) Drift Switch-Tail Right,Field,,1001-192-PRO-DWG-JIP-100(4/4),Drift Switch,1001-000-ICS-DWG-JIP-025(11/24),DI,Vendor To Advise,VTA,,,,,1.0,Vendor supply,INSTRUMENT LIST,190,ZS190CV04AB,190-CV-04,,Protection / Interlock
693,ZS190CV04BA,Conveyor Belt (190-CV-04) Drift Switch-Head Left,Field,,1001-192-PRO-DWG-JIP-100(4/4),Drift Switch,1001-000-ICS-DWG-JIP-025(11/24),DI,Vendor To Advise,VTA,,,,,1.0,Vendor supply,INSTRUMENT LIST,190,ZS190CV04BA,190-CV-04,,Protection / Interlock
694,ZS190CV04BB,Conveyor Belt (190-CV-04) Drift Switch-Head Right,Field,,1001-192-PRO-DWG-JIP-100(4/4),Drift Switch,1001-000-ICS-DWG-JIP-025(11/24),DI,Vendor To Advise,VTA,,,,,1.0,Vendor supply,INSTRUMENT LIST,190,ZS190CV04BB,190-CV-04,,Protection / Interlock
695,ZS190CV05AA,Conveyor Belt (190-CV-05) Drift Switch-Tail Left,Field,,1001-192-PRO-DWG-JIP-100(4/4),Drift Switch,1001-000-ICS-DWG-JIP-025(11/24),DI,Vendor To Advise,VTA,,,,,1.0,Vendor supply,INSTRUMENT LIST,190,ZS190CV05AA,190-CV-05,,Protection / Interlock
696,ZS190CV05AB,Conveyor Belt (190-CV-05) Drift Switch-Tail Right,Field,,1001-192-PRO-DWG-JIP-100(4/4),Drift Switch,1001-000-ICS-DWG-JIP-025(11/24),DI,Vendor To Advise,VTA,,,,,1.0,Vendor supply,INSTRUMENT LIST,190,ZS190CV05AB,190-CV-05,,Protection / Interlock
697,ZS190CV05BA,Conveyor Belt (190-CV-05) Drift Switch-Head Left,Field,,1001-192-PRO-DWG-JIP-100(4/4),Drift Switch,1001-000-ICS-DWG-JIP-025(11/24),DI,Vendor To Advise,VTA,,,,,1.0,Vendor supply,INSTRUMENT LIST,190,ZS190CV05BA,190-CV-05,,Protection / Interlock
698,ZS190CV05BB,Conveyor Belt (190-CV-05) Drift Switch-Head Right,Field,,1001-192-PRO-DWG-JIP-100(4/4),Drift Switch,1001-000-ICS-DWG-JIP-025(11/24),DI,Vendor To Advise,VTA,,,,,1.0,Vendor supply,INSTRUMENT LIST,190,ZS190CV05BB,190-CV-05,,Protection / Interlock
699,ZS190CV06AA,Conveyor Belt (190-CV-06) Drift Switch-Tail Left,Field,,1001-192-PRO-DWG-JIP-100(4/4),Drift Switch,1001-000-ICS-DWG-JIP-025(11/24),DI,Vendor To Advise,VTA,,,,,1.0,Vendor supply,INSTRUMENT LIST,190,ZS190CV06AA,190-CV-06,,Protection / Interlock
700,ZS190CV06AB,Conveyor Belt (190-CV-06) Drift Switch-Tail Right,Field,,1001-192-PRO-DWG-JIP-100(4/4),Drift Switch,1001-000-ICS-DWG-JIP-025(11/24),DI,Vendor To Advise,VTA,,,,,1.0,Vendor supply,INSTRUMENT LIST,190,ZS190CV06AB,190-CV-06,,Protection / Interlock
701,ZS190CV06BA,Conveyor Belt (190-CV-06) Drift Switch-Head Left,Field,,1001-192-PRO-DWG-JIP-100(4/4),Drift Switch,1001-000-ICS-DWG-JIP-025(11/24),DI,Vendor To Advise,VTA,,,,,1.0,Vendor supply,INSTRUMENT LIST,190,ZS190CV06BA,190-CV-06,,Protection / Interlock
702,ZS190CV06BB,Conveyor Belt (190-CV-06) Drift Switch-Head Right,Field,,1001-192-PRO-DWG-JIP-100(4/4),Drift Switch,1001-000-ICS-DWG-JIP-025(11/24),DI,Vendor To Advise,VTA,,,,,1.0,Vendor supply,INSTRUMENT LIST,190,ZS190CV06BB,190-CV-06,,Protection / Interlock
703,XA190CV01,Conveyor Belt (190-CV-01) Startup Warning Siren/Beacon,Field,,1001-192-PRO-DWG-JIP-100(4/4),Siren/Beacon,,DO,TBD,VTA,,,,,1.0,,INSTRUMENT LIST,190,XA190CV01,190-CV-01,,Indication / Alarm
704,XA190CV02,Conveyor Belt (190-CV-02) Startup Warning Siren/Beacon,Field,,1001-192-PRO-DWG-JIP-100(4/4),Siren/Beacon,,DO,TBD,VTA,,,,,1.0,,INSTRUMENT LIST,190,XA190CV02,190-CV-02,,Indication / Alarm
705,XA190CV03,Conveyor Belt (190-CV-03) Startup Warning Siren/Beacon,Field,,1001-192-PRO-DWG-JIP-100(4/4),Siren/Beacon,,DO,TBD,VTA,,,,,1.0,,INSTRUMENT LIST,190,XA190CV03,190-CV-03,,Indication / Alarm
706,XA190CV04,Conveyor Belt (190-CV-04) Startup Warning Siren/Beacon,Field,,1001-192-PRO-DWG-JIP-100(4/4),Siren/Beacon,,DO,TBD,VTA,,,,,1.0,,INSTRUMENT LIST,190,XA190CV04,190-CV-04,,Indication / Alarm
707,XA190CV05,Conveyor Belt (190-CV-05) Startup Warning Siren/Beacon,Field,,1001-192-PRO-DWG-JIP-100(4/4),Siren/Beacon,,DO,TBD,VTA,,,,,1.0,,INSTRUMENT LIST,190,XA190CV05,190-CV-05,,Indication / Alarm
708,XA190CV06,Conveyor Belt (190-CV-06) Startup Warning Siren/Beacon,Field,,1001-192-PRO-DWG-JIP-100(4/4),Siren/Beacon,,DO,TBD,VTA,,,,,1.0,,INSTRUMENT LIST,190,XA190CV06,190-CV-06,,Indication / Alarm
709,LSH190HP01,Conveyor Belt (190-CV-01) Blocked Chute Switch,Field,,1001-192-PRO-DWG-JIP-100(4/4),Blocked Chute Switch,,DI,Vendor To Advise,VTA,,,,,1.0,Vendor supply,INSTRUMENT LIST,190,LSH190HP01,190-CV-01,,Protection / Interlock
710,LSH190HP02,Conveyor Belt (190-CV-02) Blocked Chute Switch,Field,,1001-192-PRO-DWG-JIP-100(4/4),Blocked Chute Switch,,DI,Vendor To Advise,VTA,,,,,1.0,Vendor supply,INSTRUMENT LIST,190,LSH190HP02,190-CV-02,,Protection / Interlock
711,LSH190HP03,Conveyor Belt (190-CV-03) Blocked Chute Switch,Field,,1001-192-PRO-DWG-JIP-100(4/4),Blocked Chute Switch,,DI,Vendor To Advise,VTA,,,,,1.0,Vendor supply,INSTRUMENT LIST,190,LSH190HP03,190-CV-03,,Protection / Interlock
712,LSH190HP04,Conveyor Belt (190-CV-04) Blocked Chute Switch,Field,,1001-192-PRO-DWG-JIP-100(4/4),Blocked Chute Switch,,DI,Vendor To Advise,VTA,,,,,1.0,Vendor supply,INSTRUMENT LIST,190,LSH190HP04,190-CV-04,,Protection / Interlock
713,LSH190HP05,Conveyor Belt (190-CV-05) Blocked Chute Switch,Field,,1001-192-PRO-DWG-JIP-100(4/4),Blocked Chute Switch,,DI,Vendor To Advise,VTA,,,,,1.0,Vendor supply,INSTRUMENT LIST,190,LSH190HP05,190-CV-05,,Protection / Interlock
714,LSH190HP21,Conveyor Belt (190-CV-06) Blocked Chute Switch,Field,,1001-192-PRO-DWG-JIP-100(4/4),Blocked Chute Switch,,DI,Vendor To Advise,VTA,,,,,1.0,Vendor supply,INSTRUMENT LIST,190,LSH190HP21,190-CV-06,,Protection / Interlock
715,ZS190CV01,Conveyor Belt (190-CV-01) rip Switch,Field,,1001-192-PRO-DWG-JIP-100(4/4),Belt Rip Switch,1001-000-ICS-DWG-JIP-025(12/24),DI,Vendor To Advise,VTA,,,,,1.0,Vendor supply,INSTRUMENT LIST,190,ZS190CV01,190-CV-01,,Protection / Interlock
716,ZS190CV02,Conveyor Belt (190-CV-02) rip Switch,Field,,1001-192-PRO-DWG-JIP-100(4/4),Belt Rip Switch,1001-000-ICS-DWG-JIP-025(12/24),DI,Vendor To Advise,VTA,,,,,1.0,Vendor supply,INSTRUMENT LIST,190,ZS190CV02,190-CV-02,,Protection / Interlock
717,ZS190CV03,Conveyor Belt (190-CV-03) rip Switch,Field,,1001-192-PRO-DWG-JIP-100(4/4),Belt Rip Switch,1001-000-ICS-DWG-JIP-025(12/24),DI,Vendor To Advise,VTA,,,,,1.0,Vendor supply,INSTRUMENT LIST,190,ZS190CV03,190-CV-03,,Protection / Interlock
718,ZS190CV04,Conveyor Belt (190-CV-04) rip Switch,Field,,1001-192-PRO-DWG-JIP-100(4/4),Belt Rip Switch,1001-000-ICS-DWG-JIP-025(12/24),DI,Vendor To Advise,VTA,,,,,1.0,Vendor supply,INSTRUMENT LIST,190,ZS190CV04,190-CV-04,,Protection / Interlock
719,ZS190CV05,Conveyor Belt (190-CV-05) rip Switch,Field,,1001-192-PRO-DWG-JIP-100(4/4),Belt Rip Switch,1001-000-ICS-DWG-JIP-025(12/24),DI,Vendor To Advise,VTA,,,,,1.0,Vendor supply,INSTRUMENT LIST,190,ZS190CV05,190-CV-05,,Protection / Interlock
720,ZS190CV06,Conveyor Belt (190-CV-06) rip Switch,Field,,1001-192-PRO-DWG-JIP-100(4/4),Belt Rip Switch,1001-000-ICS-DWG-JIP-025(12/24),DI,Vendor To Advise,VTA,,,,,1.0,Vendor supply,INSTRUMENT LIST,190,ZS190CV06,190-CV-06,,Protection / Interlock
721,SV190PP31,Pulp 190-PP-31 Gland Seal Water Solenoid Valve,Field,192-008-WGL-SC1-25,1001-192-PRO-DWG-JIP-100(1/4),Solenoid Valve,,DO,Norgren,VTA,,,,,1.0,,INSTRUMENT LIST,190,SV190PP31,190-PP-31,,Control Element
722,SV190PP32,Pulp 190-PP-32 Gland Seal Water Solenoid Valve,Field,192-009-WGL-SC1-25,1001-192-PRO-DWG-JIP-100(1/4),Solenoid Valve,,DO,Norgren,VTA,,,,,1.0,,INSTRUMENT LIST,190,SV190PP32,190-PP-32,,Control Element
723,FSL190PP31,Pulp 190-PP-31 Gland Seal Water Flow Switch,Field,192-008-WGL-SC1-25,1001-192-PRO-DWG-JIP-100(1/4),Flow Switch,1001-000-ICS-DWG-JIP-025(10/24),DI,WIKA/IFM,VTA,TBD,0-3,0-3,m/s,1.0,,INSTRUMENT LIST,190,FSL190PP31,190-PP-31,Flow,Protection / Interlock
724,FSL190PP32,Pulp 190-PP-32 Gland Seal Water Flow Switch,Field,192-009-WGL-SC1-25,1001-192-PRO-DWG-JIP-100(1/4),Flow Switch,1001-000-ICS-DWG-JIP-025(10/24),DI,WIKA/IFM,VTA,TBD,0-3,0-3,m/s,1.0,,INSTRUMENT LIST,190,FSL190PP32,190-PP-32,Flow,Protection / Interlock
725,PG190PP31,Pulp 190-PP-31 Gland Seal Water Pressure Gauge,Field,192-008-WGL-SC1-25,1001-192-PRO-DWG-JIP-100(1/4),Pressure Gauge,"1001-000-ICS-DWG-JIP-025(5/24)
/1001-000-ICS-DWG-JIP-025(17/24)",,WIKA,VTA,,0-10,0-10,bar,1.0,,INSTRUMENT LIST,190,PG190PP31,190-PP-31,Pressure,Condition / Measurement
726,PG190PP32,Pulp 190-PP-32 Gland Seal Water Pressure Gauge,Field,192-009-WGL-SC1-25,1001-192-PRO-DWG-JIP-100(1/4),Pressure Gauge,"1001-000-ICS-DWG-JIP-025(5/24)
/1001-000-ICS-DWG-JIP-025(17/24)",,WIKA,VTA,,0-10,0-10,bar,1.0,,INSTRUMENT LIST,190,PG190PP32,190-PP-32,Pressure,Condition / Measurement
727,SV190PP03,Pulp 190-PP-03 Gland Seal Water Solenoid Valve,Field,192-010-WGL-SC1-25,1001-192-PRO-DWG-JIP-100(2/4),Solenoid Valve,,DO,Norgren,VTA,,,,,1.0,,INSTRUMENT LIST,190,SV190PP03,190-PP-03,,Control Element
728,SV190PP04,Pulp 190-PP-04 Gland Seal Water Solenoid Valve,Field,192-011-WGL-SC1-25,1001-192-PRO-DWG-JIP-100(2/4),Solenoid Valve,,DO,Norgren,VTA,,,,,1.0,,INSTRUMENT LIST,190,SV190PP04,190-PP-04,,Control Element
729,SV190PP05,Pulp 190-PP-05 Gland Seal Water Solenoid Valve,Field,192-012-WGL-SC1-25,1001-192-PRO-DWG-JIP-100(2/4),Solenoid Valve,,DO,Norgren,VTA,,,,,1.0,,INSTRUMENT LIST,190,SV190PP05,190-PP-05,,Control Element
730,SV190PP06,Pulp 190-PP-06 Gland Seal Water Solenoid Valve,Field,192-013-WGL-SC1-25,1001-192-PRO-DWG-JIP-100(2/4),Solenoid Valve,,DO,Norgren,VTA,,,,,1.0,,INSTRUMENT LIST,190,SV190PP06,190-PP-06,,Control Element
731,SV190PP07,Pulp 190-PP-07 Gland Seal Water Solenoid Valve,Field,192-014-WGL-SC1-25,1001-192-PRO-DWG-JIP-100(2/4),Solenoid Valve,,DO,Norgren,VTA,,,,,1.0,,INSTRUMENT LIST,190,SV190PP07,190-PP-07,,Control Element
732,SV190PP08,Pulp 190-PP-08 Gland Seal Water Solenoid Valve,Field,192-015-WGL-SC1-25,1001-192-PRO-DWG-JIP-100(2/4),Solenoid Valve,,DO,Norgren,VTA,,,,,1.0,,INSTRUMENT LIST,190,SV190PP08,190-PP-08,,Control Element
733,FSL190PP03,Pulp 190-PP-03 Gland Seal Water Flow Switch,Field,192-010-WGL-SC1-25,1001-192-PRO-DWG-JIP-100(2/4),Flow Switch,1001-000-ICS-DWG-JIP-025(10/24),DI,WIKA/IFM,VTA,TBD,0-3,0-3,m/s,1.0,,INSTRUMENT LIST,190,FSL190PP03,190-PP-03,Flow,Protection / Interlock
734,FSL190PP04,Pulp 190-PP-04 Gland Seal Water Flow Switch,Field,192-011-WGL-SC1-25,1001-192-PRO-DWG-JIP-100(2/4),Flow Switch,1001-000-ICS-DWG-JIP-025(10/24),DI,WIKA/IFM,VTA,TBD,0-3,0-3,m/s,1.0,,INSTRUMENT LIST,190,FSL190PP04,190-PP-04,Flow,Protection / Interlock
735,FSL190PP05,Pulp 190-PP-05 Gland Seal Water Flow Switch,Field,192-012-WGL-SC1-25,1001-192-PRO-DWG-JIP-100(2/4),Flow Switch,1001-000-ICS-DWG-JIP-025(10/24),DI,WIKA/IFM,VTA,TBD,0-3,0-3,m/s,1.0,,INSTRUMENT LIST,190,FSL190PP05,190-PP-05,Flow,Protection / Interlock
736,FSL190PP06,Pulp 190-PP-06 Gland Seal Water Flow Switch,Field,192-013-WGL-SC1-25,1001-192-PRO-DWG-JIP-100(2/4),Flow Switch,1001-000-ICS-DWG-JIP-025(10/24),DI,WIKA/IFM,VTA,TBD,0-3,0-3,m/s,1.0,,INSTRUMENT LIST,190,FSL190PP06,190-PP-06,Flow,Protection / Interlock
737,FSL190PP07,Pulp 190-PP-07 Gland Seal Water Flow Switch,Field,192-014-WGL-SC1-25,1001-192-PRO-DWG-JIP-100(2/4),Flow Switch,1001-000-ICS-DWG-JIP-025(10/24),DI,WIKA/IFM,VTA,TBD,0-3,0-3,m/s,1.0,,INSTRUMENT LIST,190,FSL190PP07,190-PP-07,Flow,Protection / Interlock
738,FSL190PP08,Pulp 190-PP-08 Gland Seal Water Flow Switch,Field,192-015-WGL-SC1-25,1001-192-PRO-DWG-JIP-100(2/4),Flow Switch,1001-000-ICS-DWG-JIP-025(10/24),DI,WIKA/IFM,VTA,TBD,0-3,0-3,m/s,1.0,,INSTRUMENT LIST,190,FSL190PP08,190-PP-08,Flow,Protection / Interlock
739,PG190PP03,Pulp 190-PP-03 Gland Seal Water Pressure Gauge,Field,192-010-WGL-SC1-25,1001-192-PRO-DWG-JIP-100(2/4),Pressure Gauge,"1001-000-ICS-DWG-JIP-025(5/24)
/1001-000-ICS-DWG-JIP-025(17/24)",,WIKA,VTA,,0-10,0-10,bar,1.0,,INSTRUMENT LIST,190,PG190PP03,190-PP-03,Pressure,Condition / Measurement
740,PG190PP04,Pulp 190-PP-04 Gland Seal Water Pressure Gauge,Field,192-011-WGL-SC1-25,1001-192-PRO-DWG-JIP-100(2/4),Pressure Gauge,"1001-000-ICS-DWG-JIP-025(5/24)
/1001-000-ICS-DWG-JIP-025(17/24)",,WIKA,VTA,,0-10,0-10,bar,1.0,,INSTRUMENT LIST,190,PG190PP04,190-PP-04,Pressure,Condition / Measurement
741,PG190PP05,Pulp 190-PP-05 Gland Seal Water Pressure Gauge,Field,192-012-WGL-SC1-25,1001-192-PRO-DWG-JIP-100(2/4),Pressure Gauge,"1001-000-ICS-DWG-JIP-025(5/24)
/1001-000-ICS-DWG-JIP-025(17/24)",,WIKA,VTA,,0-10,0-10,bar,1.0,,INSTRUMENT LIST,190,PG190PP05,190-PP-05,Pressure,Condition / Measurement
742,PG190PP06,Pulp 190-PP-06 Gland Seal Water Pressure Gauge,Field,192-013-WGL-SC1-25,1001-192-PRO-DWG-JIP-100(2/4),Pressure Gauge,"1001-000-ICS-DWG-JIP-025(5/24)
/1001-000-ICS-DWG-JIP-025(17/24)",,WIKA,VTA,,0-10,0-10,bar,1.0,,INSTRUMENT LIST,190,PG190PP06,190-PP-06,Pressure,Condition / Measurement
743,PG190PP07,Pulp 190-PP-07 Gland Seal Water Pressure Gauge,Field,192-014-WGL-SC1-25,1001-192-PRO-DWG-JIP-100(2/4),Pressure Gauge,"1001-000-ICS-DWG-JIP-025(5/24)
/1001-000-ICS-DWG-JIP-025(17/24)",,WIKA,VTA,,0-10,0-10,bar,1.0,,INSTRUMENT LIST,190,PG190PP07,190-PP-07,Pressure,Condition / Measurement
744,PG190PP08,Pulp 190-PP-08 Gland Seal Water Pressure Gauge,Field,192-015-WGL-SC1-25,1001-192-PRO-DWG-JIP-100(2/4),Pressure Gauge,"1001-000-ICS-DWG-JIP-025(5/24)
/1001-000-ICS-DWG-JIP-025(17/24)",,WIKA,VTA,,0-10,0-10,bar,1.0,,INSTRUMENT LIST,190,PG190PP08,190-PP-08,Pressure,Condition / Measurement
745,LS190PP11,Sump (190-PP-11) Float Switch,Field,,1001-192-PRO-DWG-JIP-100(1/4),Float Switch,1001-000-ICS-DWG-JIP-025(15/24),,TBD,VTA,,,,,1.0,,INSTRUMENT LIST,190,LS190PP11,190-PP-11,,Protection / Interlock
746,LS190PP12,Sump (190-PP-12) Float Switch,Field,,1001-192-PRO-DWG-JIP-100(2/4),Float Switch,1001-000-ICS-DWG-JIP-025(15/24),,TBD,VTA,,,,,1.0,,INSTRUMENT LIST,190,LS190PP12,190-PP-12,,Protection / Interlock
747,AT190AIR02,Nearby Cyanide Destruction Tank 190-TK-05 HCN Gas Detector,Field,,1001-195-PRO-DWG-JIP-100(1/3),HCN Gas Detector,1001-000-ICS-DWG-JIP-025(18/24),AI,TBD,VTA,TBD,0~50,0~50,ppm,1.0,,INSTRUMENT LIST,190,AT190AIR02,190-TK-05,,Condition / Measurement
748,AIT190TK05,Cyanide Destruction Tank 190-TK-05 pH meter,Field,,1001-195-PRO-DWG-JIP-100(1/3),pH Transmitter,1001-000-ICS-DWG-JIP-025(20/24),AI,E+H,VTA,TBD,VTA,0-14,,1.0,,INSTRUMENT LIST,190,AIT190TK05,190-TK-05,pH,Condition / Measurement
749,LIT190BX01A,Reagent Tank 190-BX-01 Level Meter,Field,,1001-195-PRO-DWG-JIP-100(1/3),"Level Transmitter, Ultrasonic",1001-000-ICS-DWG-JIP-025(8/31),AI,Siemens/E+H,VTA,TBD,VTA,0~2000,mm,1.0,,INSTRUMENT LIST,190,LIT190BX01A,190-BX-01,Level,Condition / Measurement
750,LIT190BX01B,Reagent Tank 190-BX-01 Level Meter,Field,,1001-195-PRO-DWG-JIP-100(1/3),"Level Transmitter, Ultrasonic",1001-000-ICS-DWG-JIP-025(8/31),AI,Siemens/E+H,VTA,TBD,VTA,0~2000,mm,1.0,,INSTRUMENT LIST,190,LIT190BX01B,190-BX-01,Level,Condition / Measurement
751,LIT190BX02,Reagent Tank 190-BX-02 Level Meter,Field,,1001-195-PRO-DWG-JIP-100(1/3),"Level Transmitter, Ultrasonic",1001-000-ICS-DWG-JIP-025(8/31),AI,Siemens/E+H,VTA,TBD,VTA,0~2000,mm,1.0,,INSTRUMENT LIST,190,LIT190BX02,190-BX-02,Level,Condition / Measurement
752,AIT190TK07,Detoxification Tank 190-TK-07 pH Meter,Field,,1001-195-PRO-DWG-JIP-100(1/3),pH Transmitter,1001-000-ICS-DWG-JIP-025(20/24),AI,E+H,VTA,TBD,VTA,0-14,,1.0,,INSTRUMENT LIST,190,AIT190TK07,190-TK-07,pH,Condition / Measurement
753,LIT190BX03,Reagent Tank 190-BX-03 Level Meter,Field,,1001-195-PRO-DWG-JIP-100(1/3),"Level Transmitter, Ultrasonic",1001-000-ICS-DWG-JIP-025(8/31),AI,Siemens/E+H,VTA,TBD,VTA,0~2000,mm,1.0,,INSTRUMENT LIST,190,LIT190BX03,190-BX-03,Level,Condition / Measurement
754,LIT190HP22,Detoxification Hopper 190-HOP-22 Level Meter,Field,,1001-195-PRO-DWG-JIP-100(1/3),"Level Transmitter, Ultrasonic",1001-000-ICS-DWG-JIP-025(8/31),AI,Siemens/E+H,VTA,TBD,VTA,0~2500,mm,1.0,,INSTRUMENT LIST,190,LIT190HP22,190-HOP-22,Level,Condition / Measurement
755,SV190TK08,Water to Reagent Mixing Tank 190-TK-08 Solenoid Valve,Field,195-002-WRW-SC1-50,1001-195-PRO-DWG-JIP-100(2/3),Solenoid Valve,,DO,Norgren,VTA,,,,,1.0,,INSTRUMENT LIST,190,SV190TK08,190-TK-08,,Control Element
756,SV190TK09,Water to Reagent Mixing Tank 190-TK-09 Solenoid Valve,Field,195-003-WRW-SC1-50,1001-195-PRO-DWG-JIP-100(2/3),Solenoid Valve,,DO,Norgren,VTA,,,,,1.0,,INSTRUMENT LIST,190,SV190TK09,190-TK-09,,Control Element
757,SV190TK10,Water to Reagent Mixing Tank 190-TK-10 Solenoid Valve,Field,195-004-WRW-SC1-50,1001-195-PRO-DWG-JIP-100(3/3),Solenoid Valve,,DO,Norgren,VTA,,,,,1.0,,INSTRUMENT LIST,190,SV190TK10,190-TK-10,,Control Element
758,SV190TK11,Water to Reagent Mixing Tank 190-TK-11 Solenoid Valve,Field,195-005-WRW-SC1-50,1001-195-PRO-DWG-JIP-100(3/3),Solenoid Valve,,DO,Norgren,VTA,,,,,1.0,,INSTRUMENT LIST,190,SV190TK11,190-TK-11,,Control Element
759,LIT190TK08,Reagent Tank 190-TK-08 Level Meter,Field,,1001-195-PRO-DWG-JIP-100(2/3),"Level Transmitter, Ultrasonic",1001-000-ICS-DWG-JIP-025(8/31),AI,Siemens/E+H,VTA,TBD,VTA,0~2500,mm,1.0,,INSTRUMENT LIST,190,LIT190TK08,190-TK-08,Level,Condition / Measurement
760,LIT190TK09,Reagent Tank 190-TK-09 Level Meter,Field,,1001-195-PRO-DWG-JIP-100(2/3),"Level Transmitter, Ultrasonic",1001-000-ICS-DWG-JIP-025(8/31),AI,Siemens/E+H,VTA,TBD,VTA,0~2500,mm,1.0,,INSTRUMENT LIST,190,LIT190TK09,190-TK-09,Level,Condition / Measurement
761,LIT190TK10,Reagent Tank 190-TK-10 Level Meter,Field,,1001-195-PRO-DWG-JIP-100(3/3),"Level Transmitter, Ultrasonic",1001-000-ICS-DWG-JIP-025(8/31),AI,Siemens/E+H,VTA,TBD,VTA,0~2500,mm,1.0,,INSTRUMENT LIST,190,LIT190TK10,190-TK-10,Level,Condition / Measurement
762,LIT190TK11,Reagent Tank 190-TK-11 Level Meter,Field,,1001-195-PRO-DWG-JIP-100(3/3),"Level Transmitter, Ultrasonic",1001-000-ICS-DWG-JIP-025(8/31),AI,Siemens/E+H,VTA,TBD,VTA,0~2500,mm,1.0,,INSTRUMENT LIST,190,LIT190TK11,190-TK-11,Level,Condition / Measurement
763,SV190PP28,Pulp 190-PP-28 Gland Seal Water Solenoid Valve,Field,195-002-WGL-SC1-50,1001-195-PRO-DWG-JIP-100(1/3),Solenoid Valve,,DO,Norgren,VTA,,,,,1.0,,INSTRUMENT LIST,190,SV190PP28,190-PP-28,,Control Element
764,SV190PP29,Pulp 190-PP-29 Gland Seal Water Solenoid Valve,Field,195-003-WGL-SC1-50,1001-195-PRO-DWG-JIP-100(1/3),Solenoid Valve,,DO,Norgren,VTA,,,,,1.0,,INSTRUMENT LIST,190,SV190PP29,190-PP-29,,Control Element
765,FSL190PP28,Pulp 190-PP-28 Gland Seal Water Flow Switch,Field,195-002-WGL-SC1-50,1001-195-PRO-DWG-JIP-100(1/3),Flow Switch,1001-000-ICS-DWG-JIP-025(10/24),DI,WIKA/IFM,VTA,TBD,0-3,0-3,m/s,1.0,,INSTRUMENT LIST,190,FSL190PP28,190-PP-28,Flow,Protection / Interlock
766,FSL190PP29,Pulp 190-PP-29 Gland Seal Water Flow Switch,Field,195-003-WGL-SC1-50,1001-195-PRO-DWG-JIP-100(1/3),Flow Switch,1001-000-ICS-DWG-JIP-025(10/24),DI,WIKA/IFM,VTA,TBD,0-3,0-3,m/s,1.0,,INSTRUMENT LIST,190,FSL190PP29,190-PP-29,Flow,Protection / Interlock
767,PG190PP28,Pulp 190-PP-28 Gland Seal Water Pressure Gauge,Field,195-002-WGL-SC1-50,1001-195-PRO-DWG-JIP-100(1/3),Pressure Gauge,"1001-000-ICS-DWG-JIP-025(5/24)
/1001-000-ICS-DWG-JIP-025(17/24)",,WIKA,VTA,,0-10,0-10,bar,1.0,,INSTRUMENT LIST,190,PG190PP28,190-PP-28,Pressure,Condition / Measurement
768,PG190PP29,Pulp 190-PP-29 Gland Seal Water Pressure Gauge,Field,195-003-WGL-SC1-50,1001-195-PRO-DWG-JIP-100(1/3),Pressure Gauge,"1001-000-ICS-DWG-JIP-025(5/24)
/1001-000-ICS-DWG-JIP-025(17/24)",,WIKA,VTA,,0-10,0-10,bar,1.0,,INSTRUMENT LIST,190,PG190PP29,190-PP-29,Pressure,Condition / Measurement
769,LS190PP19,Sump (190-PP-19) Float Switch,Field,,1001-195-PRO-DWG-JIP-100(1/3),Float Switch,1001-000-ICS-DWG-JIP-025(15/24),DI,TBD,VTA,,,,,1.0,,INSTRUMENT LIST,190,LS190PP19,190-PP-19,,Protection / Interlock
770,LS190PP30,Sump (190-PP-30) Float Switch,Field,,1001-195-PRO-DWG-JIP-100(2/3),Float Switch,1001-000-ICS-DWG-JIP-025(15/24),DI,TBD,VTA,,,,,1.0,,INSTRUMENT LIST,190,LS190PP30,190-PP-30,,Protection / Interlock
771,AT-171,AMPERE TRANSMITTER,Field,IC-  190-AT-171,1001-000-ICS-DWG-PMC-024,Ampere Transmitter,1001-000-ICS-DWG-PMC-024,AI,,,,,0-250,A,1.0,,INSTRUMENT LIST,190,AT-171,,,Condition / Measurement
772,FS-001,FLOW SWITCH LOW,Field,IC-  190-FS-001,1001-000-ICS-DWG-PMC-024,Flow Switch,1001-000-ICS-DWG-PMC-024,DI,WIKA,FSD-4,,0-3,0-3,m/s,1.0,,INSTRUMENT LIST,190,FS-001,,Flow,Protection / Interlock
773,SV-001,CONTROL GATE VALVE W/ SOLENOID,Field,IC-  190-SV-001,1001-000-ICS-DWG-PMC-024,Solenoid Valve,1001-000-ICS-DWG-PMC-024,DO,Omron,,,,,,1.0,,INSTRUMENT LIST,190,SV-001,,,Control Element
774,ZSC-001,LIMIT SWITCH CLOSE SV-190-001,Field,IC-  190-ZSC-001,1001-000-ICS-DWG-PMC-024,Limit Switch,1001-000-ICS-DWG-PMC-024,DI,Omron,,,,,,1.0,,INSTRUMENT LIST,190,ZSC-001,,,Protection / Interlock
775,ZSO-001,LIMIT SWITCH OPEN SV-190-001,Field,IC-  190-ZSO-001,1001-000-ICS-DWG-PMC-024,Limit Switch,1001-000-ICS-DWG-PMC-024,DI,Omron,,,,,,1.0,,INSTRUMENT LIST,190,ZSO-001,,,Protection / Interlock
776,FIT-008,FLOW TRANSMITTER MAGNETIC,Field,IC-  190-FIT-008,1001-000-ICS-DWG-PMC-024,Flow Switch,1001-000-ICS-DWG-PMC-024,AI,Weintek,,,,,,1.0,,INSTRUMENT LIST,190,FIT-008,,Flow,Protection / Interlock
777,AT-172,AMPERE TRANSMITTER,Field,IC-  190-AT-172,1001-000-ICS-DWG-PMC-024,Ampere Transmitter,1001-000-ICS-DWG-PMC-024,AI,,,,,,,1.0,,INSTRUMENT LIST,190,AT-172,,,Condition / Measurement
778,XV-201,CONTROL GATE VALVE W/ SOLENOID,Field,IC-  190-XV-201,1001-000-ICS-DWG-PMC-024,Solenoid Valve,1001-000-ICS-DWG-PMC-024,DO,Omron,,,,,,1.0,,INSTRUMENT LIST,190,XV-201,,,Control Element
779,XV-202,CONTROL GATE VALVE W/ SOLENOID,Field,IC-  190-XV-202,1001-000-ICS-DWG-PMC-024,Solenoid Valve,1001-000-ICS-DWG-PMC-024,DO,Omron,,,,,,1.0,,INSTRUMENT LIST,190,XV-202,,,Control Element
780,ZSC-201,LIMIT SWITCH CLOSE XV-201,Field,IC-  190-ZSC-201,1001-000-ICS-DWG-PMC-024,Limit Switch,1001-000-ICS-DWG-PMC-024,DI,,,,,,,1.0,,INSTRUMENT LIST,190,ZSC-201,,,Protection / Interlock
781,ZSC-202,LIMIT SWITCH CLOSE XV-202,Field,IC-  190-ZSC-202,1001-000-ICS-DWG-PMC-024,Limit Switch,1001-000-ICS-DWG-PMC-024,DI,Omron,,,,,,1.0,,INSTRUMENT LIST,190,ZSC-202,,,Protection / Interlock
782,ZSO-201,LIMIT SWITCH OPEN XV-201,Field,IC-  190-ZSO-201,1001-000-ICS-DWG-PMC-024,Limit Switch,1001-000-ICS-DWG-PMC-024,DI,Omron,,,,,,1.0,,INSTRUMENT LIST,190,ZSO-201,,,Protection / Interlock
783,ZSO-202,LIMIT SWITCH OPEN XV-202,Field,IC-  190-ZSO-202,1001-000-ICS-DWG-PMC-024,Limit Switch,1001-000-ICS-DWG-PMC-024,DI,Omron,,,,,,1.0,,INSTRUMENT LIST,190,ZSO-202,,,Protection / Interlock
784,XV-203,CONTROL GATE VALVE W/ SOLENOID,Field,IC-  190-XV-203,1001-000-ICS-DWG-PMC-024,Solenoid Valve,1001-000-ICS-DWG-PMC-024,DO,,,,,,,1.0,,INSTRUMENT LIST,190,XV-203,,,Control Element
785,ZSC-203,LIMIT SWITCH CLOSE XV-203,Field,IC-  190-ZSC-203,1001-000-ICS-DWG-PMC-024,Limit Switch,1001-000-ICS-DWG-PMC-024,DI,Omron,,,,,,1.0,,INSTRUMENT LIST,190,ZSC-203,,,Protection / Interlock
786,ZSO-203,LIMIT SWITCH OPEN XV-203,Field,IC-  190-ZSO-203,1001-000-ICS-DWG-PMC-024,Limit Switch,1001-000-ICS-DWG-PMC-024,DI,Omron,,,,,,1.0,,INSTRUMENT LIST,190,ZSO-203,,,Protection / Interlock
787,XV-204,CONTROL GATE VALVE W/ SOLENOID,Field,IC-  190-XV-204,1001-000-ICS-DWG-PMC-024,Limit Switch,1001-000-ICS-DWG-PMC-024,DO,,,,,,,1.0,,INSTRUMENT LIST,190,XV-204,,,Protection / Interlock
788,XV-205,CONTROL GATE VALVE W/ SOLENOID,Field,IC-  190-XV-205,1001-000-ICS-DWG-PMC-024,Limit Switch,1001-000-ICS-DWG-PMC-024,DO,,,,,,,1.0,,INSTRUMENT LIST,190,XV-205,,,Protection / Interlock
789,ZSC-204,LIMIT SWITCH CLOSE XV-204,Field,IC-  190-ZSC-204,1001-000-ICS-DWG-PMC-024,Limit Switch,1001-000-ICS-DWG-PMC-024,DI,Omron,,,,,,1.0,,INSTRUMENT LIST,190,ZSC-204,,,Protection / Interlock
790,ZSC-205,LIMIT SWITCH CLOSE XV-205,Field,IC-  190-ZSC-205,1001-000-ICS-DWG-PMC-024,Limit Switch,1001-000-ICS-DWG-PMC-024,DI,Omron,,,,,,1.0,,INSTRUMENT LIST,190,ZSC-205,,,Protection / Interlock
791,ZSO-204,LIMIT SWITCH OPEN XV-204,Field,IC-  190-ZSO-204,1001-000-ICS-DWG-PMC-024,Limit Switch,1001-000-ICS-DWG-PMC-024,DI,Omron,,,,,,1.0,,INSTRUMENT LIST,190,ZSO-204,,,Protection / Interlock
792,ZSO-205,LIMIT SWITCH OPEN XV-205,Field,IC-  190-ZSO-205,1001-000-ICS-DWG-PMC-024,Limit Switch,1001-000-ICS-DWG-PMC-024,DI,Omron,,,,,,1.0,,INSTRUMENT LIST,190,ZSO-205,,,Protection / Interlock
793,AT-173,AMPERE TRANSMITTER,Field,IC-  190-AT-173,1001-000-ICS-DWG-PMC-024,Ampere Transmitter,1001-000-ICS-DWG-PMC-024,AI,,,,,,,1.0,,INSTRUMENT LIST,190,AT-173,,,Condition / Measurement
794,LT-172,LEVEL TRANSMITTER ULTRASONIC,Field,IC-  190-LT-172,1001-000-ICS-DWG-PMC-024,Level Transmitter Ultrasonic,1001-000-ICS-DWG-PMC-024,AI,,,,,,,1.0,,INSTRUMENT LIST,190,LT-172,,Level,Condition / Measurement
795,LSH-043,LEVEL SWITCH HIGH,Field,IC-  190-LSH-043,1001-000-ICS-DWG-PMC-024,Level Switch High,1001-000-ICS-DWG-PMC-024,-,,,,,,,1.0,,INSTRUMENT LIST,190,LSH-043,,,Protection / Interlock
796,LSL-043,LEVEL SWITCH LOW,Field,IC-  190-LSL-043,1001-000-ICS-DWG-PMC-024,Level Switch Low,1001-000-ICS-DWG-PMC-024,-,,,,,,,1.0,,INSTRUMENT LIST,190,LSL-043,,,Protection / Interlock
797,AT-170,AMPERE TRANSMITTER,Field,IC-  190-AT-170,1001-000-ICS-DWG-PMC-024,Ampere Transmitter,1001-000-ICS-DWG-PMC-024,AI,,,,,,,1.0,,INSTRUMENT LIST,190,AT-170,,,Condition / Measurement
798,LT-170,LEVEL TRANSMITTER ULTRASONIC,Field,IC-  190-LT-170,1001-000-ICS-DWG-PMC-024,Level Transmitter Ultrasonic,1001-000-ICS-DWG-PMC-024,AI,Weintek,,,,,,1.0,,INSTRUMENT LIST,190,LT-170,,Level,Condition / Measurement
799,IT-170,TORQUE TRANSMITTER,Field,IC-  190-IT-170,1001-000-ICS-DWG-PMC-024,Torque Transmitter,1001-000-ICS-DWG-PMC-024,AI,,,,,,,1.0,,INSTRUMENT LIST,190,IT-170,,,Condition / Measurement
800,PT-162,PRESSURE TRANSMITTER,Field,IC-  190-PT-162,1001-000-ICS-DWG-PMC-024,Pressure Transmitter,1001-000-ICS-DWG-PMC-024,AI,Honeywell,,,,,,1.0,,INSTRUMENT LIST,190,PT-162,,Pressure,Condition / Measurement
801,PT-003,PRESSURE TRANSMITTER,Field,IC-  190-PT-003,1001-000-ICS-DWG-PMC-024,Pressure Transmitter,1001-000-ICS-DWG-PMC-024,AI,Honeywell,,,,,,1.0,,INSTRUMENT LIST,190,PT-003,,Pressure,Condition / Measurement
802,PT-161,PRESSURE TRANSMITTER,Field,IC-  190-PT-161,1001-000-ICS-DWG-PMC-024,Pressure Transmitter,1001-000-ICS-DWG-PMC-024,AI,Honeywell,,,,,,1.0,,INSTRUMENT LIST,190,PT-161,,Pressure,Condition / Measurement
803,HSA-007 A/B,PULL WIRE BELT CONVEYOR,Field,IC-  190-HSA-007 A/B,1001-000-ICS-DWG-PMC-024,Pull Wire Belt Conveyor,1001-000-ICS-DWG-PMC-024,DI,Safe-T,,,,,,1.0,,INSTRUMENT LIST,190,HSA-007A/B,,,Protection / Interlock
804,LSH-007,BLOCK CHUTE BELT CONVEYOR,Field,IC-  190-LSH-007,1001-000-ICS-DWG-PMC-024,Block Chute Belt Conveyor,1001-000-ICS-DWG-PMC-024,DI,Safe-T,,,,,,1.0,,INSTRUMENT LIST,190,LSH-007,,,Protection / Interlock
805,SSL-007,SPEED SWITCH BELT CONVEYOR,Field,IC-  190-SSL-007,1001-000-ICS-DWG-PMC-024,Speed Switch Belt Conveyor,1001-000-ICS-DWG-PMC-024,DI,Safe-T,,,,,,1.0,,INSTRUMENT LIST,190,SSL-007,,Speed,Protection / Interlock
806,XA-007,SIRENE BEACON ALARM,Field,IC-  190-XA-007,1001-000-ICS-DWG-PMC-024,Sirene Beacon Alarm,1001-000-ICS-DWG-PMC-024,DO,,,,,,,1.0,,INSTRUMENT LIST,190,XA-007,,,Indication / Alarm
807,ZSA-007,BELT TRIP CONVEYOR,Field,IC-  190-ZSA-007,1001-000-ICS-DWG-PMC-024,Belt Trip Conveyor,1001-000-ICS-DWG-PMC-024,DI,Safe-T,,,,,,1.0,,INSTRUMENT LIST,190,ZSA-007,,,Protection / Interlock
808,ZSR-07A,BELT DRIFT CONVEYOR,Field,IC-  190-ZSR-07A,1001-000-ICS-DWG-PMC-024,Belt Drift Conveyor,1001-000-ICS-DWG-PMC-024,DI,Safe-T,,,,,,1.0,,INSTRUMENT LIST,190,ZSR-07A,,,Protection / Interlock
809,ZSR-07B,BELT DRIFT CONVEYOR,Field,IC-  190-ZSR-07B,1001-000-ICS-DWG-PMC-024,Belt Drift Conveyor,1001-000-ICS-DWG-PMC-024,DI,Safe-T,,,,,,1.0,,INSTRUMENT LIST,190,ZSR-07B,,,Protection / Interlock
810,HSA-008 A/B,PULL WIRE BELT CONVEYOR,Field,IC-  190-HSA-008 A/B,1001-000-ICS-DWG-PMC-024,Pull Wire Belt Conveyor,1001-000-ICS-DWG-PMC-024,DI,Safe-T,,,,,,1.0,,INSTRUMENT LIST,190,HSA-008A/B,,,Protection / Interlock
811,LSH-008,BLOCK CHUTE BELT CONVEYOR,Field,IC-  190-LSH-008,1001-000-ICS-DWG-PMC-024,Block Chute Belt Conveyor,1001-000-ICS-DWG-PMC-024,DI,Safe-T,,,,,,1.0,,INSTRUMENT LIST,190,LSH-008,,,Protection / Interlock
812,SSL-008,SPEED SWITCH BELT CONVEYOR,Field,IC-  190-SSL-008,1001-000-ICS-DWG-PMC-024,Speed Switch Belt Conveyor,1001-000-ICS-DWG-PMC-024,DI,Safe-T,,,,,,1.0,,INSTRUMENT LIST,190,SSL-008,,Speed,Protection / Interlock
813,XA-008,SIRENE BEACON ALARM,Field,IC-  190-XA-008,1001-000-ICS-DWG-PMC-024,Sirene Beacon Alarm,1001-000-ICS-DWG-PMC-024,DO,,,,,,,1.0,,INSTRUMENT LIST,190,XA-008,,,Indication / Alarm
814,ZSA-008,BELT TRIP CONVEYOR,Field,IC-  190-ZSA-008,1001-000-ICS-DWG-PMC-024,Belt Trip Conveyor,1001-000-ICS-DWG-PMC-024,DI,Safe-T,,,,,,1.0,,INSTRUMENT LIST,190,ZSA-008,,,Protection / Interlock
815,ZSR-08A,BELT DRIFT CONVEYOR,Field,IC-  190-ZSR-08A,1001-000-ICS-DWG-PMC-024,Belt Drift Conveyor,1001-000-ICS-DWG-PMC-024,DI,Safe-T,,,,,,1.0,,INSTRUMENT LIST,190,ZSR-08A,,,Protection / Interlock
816,ZSR-08B,BELT DRIFT CONVEYOR,Field,IC-  190-ZSR-08B,1001-000-ICS-DWG-PMC-024,Belt Drift Conveyor,1001-000-ICS-DWG-PMC-024,DI,Safe-T,,,,,,1.0,,INSTRUMENT LIST,190,ZSR-08B,,,Protection / Interlock
818,HSA-009 A/B,PULL WIRE BELT CONVEYOR,Field,IC-  190-HSA-009 A/B,1001-000-ICS-DWG-PMC-024,Pull Wire Belt Conveyor,1001-000-ICS-DWG-PMC-024,DI,Safe-T,,,,,,1.0,,INSTRUMENT LIST,190,HSA-009A/B,,,Protection / Interlock
819,LSH-009,BLOCK CHUTE BELT CONVEYOR,Field,IC-  190-LSH-009,1001-000-ICS-DWG-PMC-024,Block Chute Belt Conveyor,1001-000-ICS-DWG-PMC-024,DI,Safe-T,,,,,,1.0,,INSTRUMENT LIST,190,LSH-009,,,Protection / Interlock
820,SSL-009,SPEED SWITCH BELT CONVEYOR,Field,IC-  190-SSL-009,1001-000-ICS-DWG-PMC-024,Speed Switch Belt Conveyor,1001-000-ICS-DWG-PMC-024,DI,Safe-T,,,,,,1.0,,INSTRUMENT LIST,190,SSL-009,,Speed,Protection / Interlock
821,WE-009,BELT WEIGHTOMETER CONVEYOR RUN,Field,IC-  190-WE-009,1001-000-ICS-DWG-PMC-024,Belt Weightometer Conveyor Run,1001-000-ICS-DWG-PMC-024,AI,Safe-T,,,,,,1.0,,INSTRUMENT LIST,190,WE-009,,,Condition / Measurement
822,XA-009,SIRENE BEACON ALARM,Field,IC-  190-XA-009,1001-000-ICS-DWG-PMC-024,Sirene Beacon Alarm,1001-000-ICS-DWG-PMC-024,DO,Safe-T,,,,,,1.0,,INSTRUMENT LIST,190,XA-009,,,Indication / Alarm
823,ZSA-009,BELT TRIP CONVEYOR,Field,IC-  190-ZSA-009,1001-000-ICS-DWG-PMC-024,Belt Trip Conveyor,1001-000-ICS-DWG-PMC-024,DI,Safe-T,,,,,,1.0,,INSTRUMENT LIST,190,ZSA-009,,,Protection / Interlock
824,ZSR-09A,BELT TRIP CONVEYOR,Field,IC-  190-ZSR-09A,1001-000-ICS-DWG-PMC-024,Belt Trip Conveyor,1001-000-ICS-DWG-PMC-024,DI,Safe-T,,,,,,1.0,,INSTRUMENT LIST,190,ZSR-09A,,,Protection / Interlock
825,ZSR-09B,BELT TRIP CONVEYOR,Field,IC-  190-ZSR-09B,1001-000-ICS-DWG-PMC-024,Belt Trip Conveyor,1001-000-ICS-DWG-PMC-024,DI,Safe-T,,,,,,1.0,,INSTRUMENT LIST,190,ZSR-09B,,,Protection / Interlock
826,TM-001,TURBIDY TRANSMITTER,Field,IC-  190-TM-001,1001-000-ICS-DWG-PMC-024,Turbidy Transmitter,1001-000-ICS-DWG-PMC-024,AI,,,,,,,1.0,,INSTRUMENT LIST,190,TM-001,,,Condition / Measurement
827,TM-002,TURBIDY TRANSMITTER,Field,IC-  190-TM-002,1001-000-ICS-DWG-PMC-024,Turbidy Transmitter,1001-000-ICS-DWG-PMC-024,AI,,,,,,,1.0,,INSTRUMENT LIST,190,TM-002,,,Condition / Measurement
828,LT-171,LEVEL TRANSMITTER ULTRASONIC,Field,IC-  190-LT-171,1001-000-ICS-DWG-PMC-024,Level Transmitter Ultrasonic,1001-000-ICS-DWG-PMC-024,AI,,,,,,,1.0,,INSTRUMENT LIST,190,LT-171,,Level,Condition / Measurement
829,SV210TK01,Water to Caustic Mixing Tank 210-TK-01 Solenoid Valve,Field,211-003-WRW-SC1-50,1001-211-PRO-DWG-JIP-100(1/3),Solenoid Valve,,DO,Norgren,VTA,,,,,1.0,,INSTRUMENT LIST,210,SV210TK01,210-TK-01,,Control Element
830,SV210TK03A,Water to Cyanide Mixing Tank 210-TK-03 Solenoid Valve,Field,211-002-WRW-SC1-50,1001-211-PRO-DWG-JIP-100(1/3),Solenoid Valve,,DO,Norgren,VTA,,,,,1.0,,INSTRUMENT LIST,210,SV210TK03A,210-TK-03,,Control Element
831,SV210TK03B,Lime to Cyanide Mixing Tank 210-TK-03 Solenoid Valve,Field,211-013-RSH-SC3-25,1001-211-PRO-DWG-JIP-100(1/3),Solenoid Valve,,DO,Norgren,VTA,,,,,1.0,,INSTRUMENT LIST,210,SV210TK03B,210-TK-03,,Control Element
832,SV210TK03C,Lime to Cyanide Mixing Tank 210-TK-03 Solenoid Valve,Field,211-013-RSH-SC3-25,1001-211-PRO-DWG-JIP-100(1/3),Solenoid Valve,,DO,Norgren,VTA,,,,,1.0,,INSTRUMENT LIST,210,SV210TK03C,210-TK-03,,Control Element
833,FSL210TK03,Lime to Cyanide Mixing Tank 210-TK-03 Flow Switch,Field,211-013-RSH-SC3-25,1001-211-PRO-DWG-JIP-100(1/3),Flow Switch,1001-000-ICS-DWG-JIP-025(10/24),DI,WIKA/IFM,VTA,TBD,0-3,0-3,m/s,1.0,,INSTRUMENT LIST,210,FSL210TK03,210-TK-03,Flow,Protection / Interlock
834,AT210AIR01,Nearby Cyanide Mixing Tank 210-TK-03 HCN Gas Detector,Field,,1001-211-PRO-DWG-JIP-100(1/3),HCN Gas Detector,1001-000-ICS-DWG-JIP-025(18/24),AI,TBD,VTA,TBD,0~50,0~50,ppm,1.0,,INSTRUMENT LIST,210,AT210AIR01,210-TK-03,,Condition / Measurement
835,LIT210TK01,Caustic Mixing Tank 210-TK-01 Level meter,Field,,1001-211-PRO-DWG-JIP-100(1/3),"Level Transmitter, Ultrasonic",1001-000-ICS-DWG-JIP-025(8/31),AI,Siemens/E+H,VTA,TBD,VTA,0~6000,mm,1.0,,INSTRUMENT LIST,210,LIT210TK01,210-TK-01,Level,Condition / Measurement
836,LIT210TK02,Caustic Storage Tank 210-TK-02 Level meter,Field,,1001-211-PRO-DWG-JIP-100(1/3),"Level Transmitter, Ultrasonic",1001-000-ICS-DWG-JIP-025(8/31),AI,Siemens/E+H,VTA,TBD,VTA,0~3550,mm,1.0,,INSTRUMENT LIST,210,LIT210TK02,210-TK-02,Level,Condition / Measurement
837,LIT210TK03,Cyanide Mixing Tank 210-TK-03 Level meter,Field,,1001-211-PRO-DWG-JIP-100(1/3),"Level Transmitter, Ultrasonic",1001-000-ICS-DWG-JIP-025(8/31),AI,Siemens/E+H,VTA,TBD,VTA,0~3550,mm,1.0,,INSTRUMENT LIST,210,LIT210TK03,210-TK-03,Level,Condition / Measurement
838,LIT210TK04,Cyanide Storage Tank 210-TK-04 Level meter,Field,,1001-211-PRO-DWG-JIP-100(1/3),"Level Transmitter, Ultrasonic",1001-000-ICS-DWG-JIP-025(8/31),AI,Siemens/E+H,VTA,TBD,VTA,0~3550,mm,1.0,,INSTRUMENT LIST,210,LIT210TK04,210-TK-04,Level,Condition / Measurement
839,PG170BX02A,Caustic Storage Tank 210-TK-02 to Process Pressure Gauge,Field,211-014-RSH-SC3-80,1001-211-PRO-DWG-JIP-100(1/3),Pressure Gauge,"1001-000-ICS-DWG-JIP-025(5/24)
/1001-000-ICS-DWG-JIP-025(17/24)",,WIKA,VTA,,0-10,0-10,bar,1.0,,INSTRUMENT LIST,210,PG170BX02A,210-TK-02,Pressure,Condition / Measurement
840,PG210TK03,Caustic Storage Tank to Cyanide Mixing Tank Pressure Gauge,Field,211-013-RSH-SC3-25,1001-211-PRO-DWG-JIP-100(1/3),Pressure Gauge,"1001-000-ICS-DWG-JIP-025(5/24)
/1001-000-ICS-DWG-JIP-025(17/24)",,WIKA,VTA,,0-10,0-10,bar,1.0,,INSTRUMENT LIST,210,PG210TK03,210-TK-03,Pressure,Condition / Measurement
841,PG180TK03A,Cyanide Storage Tank 210-TK-04 to Process Pressure Gauge,Field,211-009-RCN-SC3-80,1001-211-PRO-DWG-JIP-100(1/3),Pressure Gauge,"1001-000-ICS-DWG-JIP-025(5/24)
/1001-000-ICS-DWG-JIP-025(17/24)",,WIKA,VTA,,0-10,0-10,bar,1.0,,INSTRUMENT LIST,210,PG180TK03A,210-TK-04,Pressure,Condition / Measurement
842,LS210PP09,Sump (210-PP-09) Float Switch,Field,,1001-211-PRO-DWG-JIP-100(1/3),Float Switch,1001-000-ICS-DWG-JIP-025(15/24),,TBD,VTA,,,,,1.0,,INSTRUMENT LIST,210,LS210PP09,210-PP-09,,Protection / Interlock
843,LS210PP10,Sump (210-PP-10) Float Switch,Field,,1001-211-PRO-DWG-JIP-100(1/3),Float Switch,1001-000-ICS-DWG-JIP-025(15/24),,TBD,VTA,,,,,1.0,,INSTRUMENT LIST,210,LS210PP10,210-PP-10,,Protection / Interlock
844,FIT210TK05A,Water to Lime Mixing Tank 210-TK-05 Flowmeter,Field,212-002-WRW-SC1-100,1001-212-PRO-DWG-JIP-100(1/3),"Flowmeter, Electromagnetic",1001-000-ICS-DWG-JIP-025(7/24),AI,Guanghua in China,VTA,TBD,VTA,0-14,,1.0,,INSTRUMENT LIST,210,FIT210TK05A,210-TK-05,Flow,Condition / Measurement
845,FV210TK05A,Water to Lime Mixing Tank 210-TK-05 Control Valve,Field,212-002-WRW-SC1-100,1001-212-PRO-DWG-JIP-100(1/3),Control Valve,1001-000-ICS-DWG-JIP-025(3/24),AO,VATTEN,VTA,,0~100%,0~100%,%,1.0,,INSTRUMENT LIST,210,FV210TK05A,210-TK-05,,Control Element
846,LIT210TK05A,Lime Mixing Tank 210-TK-05 Level meter,Field,,1001-212-PRO-DWG-JIP-100(1/3),"Level Transmitter, Ultrasonic",1001-000-ICS-DWG-JIP-025(8/31),AI,Siemens/E+H,VTA,TBD,VTA,0~3000,mm,1.0,,INSTRUMENT LIST,210,LIT210TK05A,210-TK-05,Level,Condition / Measurement
847,PT210TK05A,Lime Mixing Tank 210-TK-05 Bottom Pressure Transmitter,Field,,1001-212-PRO-DWG-JIP-100(1/3),Pressure Transmitter,1001-000-ICS-DWG-JIP-025(6/24),AI,Siemens/E+H,VTA,TBD,VTA,0-0.3,bar,1.0,,INSTRUMENT LIST,210,PT210TK05A,210-TK-05,Pressure,Condition / Measurement
848,LIT210TK06A,Lime Storage Tank 210-TK-06 Level meter,Field,,1001-212-PRO-DWG-JIP-100(1/3),"Level Transmitter, Ultrasonic",1001-000-ICS-DWG-JIP-025(8/31),AI,Siemens/E+H,VTA,TBD,VTA,0~7500,mm,1.0,,INSTRUMENT LIST,210,LIT210TK06A,210-TK-06,Level,Condition / Measurement
849,PT210TK06A,Lime Storage Tank 210-TK-06 Bottom Pressure Transmitter,Field,,1001-212-PRO-DWG-JIP-100(1/3),Pressure Transmitter,1001-000-ICS-DWG-JIP-025(6/24),AI,Siemens/E+H,VTA,TBD,VTA,0-0.9,bar,1.0,,INSTRUMENT LIST,210,PT210TK06A,210-TK-06,Pressure,Condition / Measurement
850,PG210PPA,Lime Mixing Tank 210-TK-05 Discharge Pressure Gauge,Field,212-006-RHL-SC1-80,1001-212-PRO-DWG-JIP-100(1/3),Pressure Gauge,"1001-000-ICS-DWG-JIP-025(5/24)
/1001-000-ICS-DWG-JIP-025(17/24)",,WIKA,VTA,,0-10,0-10,bar,1.0,,INSTRUMENT LIST,210,PG210PPA,210-TK-05,Pressure,Condition / Measurement
851,PG210PPB,Lime Storage Tank 210-TK-06 Discharge Pressure Gauge,Field,212-012-RHL-P10-75,1001-212-PRO-DWG-JIP-100(1/3),Pressure Gauge,"1001-000-ICS-DWG-JIP-025(5/24)
/1001-000-ICS-DWG-JIP-025(17/24)",,WIKA,VTA,,0-10,0-10,bar,1.0,,INSTRUMENT LIST,210,PG210PPB,210-TK-06,Pressure,Condition / Measurement
852,LS210PP15,Sump (210-PP-15) Float Switch,Field,,1001-212-PRO-DWG-JIP-100(1/3),Float Switch,1001-000-ICS-DWG-JIP-025(15/24),,TBD,VTA,,,,,1.0,,INSTRUMENT LIST,210,LS210PP15,210-PP-15,,Protection / Interlock
853,SV140TK01,Water to Reagent Mixing Tank 140-TK-01 Solenoid Valve,Field,215-004-WRW-SC1-50,1001-215-PRO-DWG-JIP-100(1/2),Solenoid Valve,,DO,Norgren,VTA,,,,,1.0,,INSTRUMENT LIST,210,SV140TK01,140-TK-01,,Control Element
854,SV140TK02,Water to Reagent Mixing Tank 140-TK-02 Solenoid Valve,Field,215-003-WRW-SC1-50,1001-215-PRO-DWG-JIP-100(1/2),Solenoid Valve,,DO,Norgren,VTA,,,,,1.0,,INSTRUMENT LIST,210,SV140TK02,140-TK-02,,Control Element
855,SV140TK03,Water to Reagent Mixing Tank 140-TK-03 Solenoid Valve,Field,212-002-WRW-SC1-50,1001-215-PRO-DWG-JIP-100(1/2),Solenoid Valve,,DO,Norgren,VTA,,,,,1.0,,INSTRUMENT LIST,210,SV140TK03,140-TK-03,,Control Element
856,LIT140TK01A,Reagent Mixing Tank 140-TK-01 Level meter,Field,,1001-215-PRO-DWG-JIP-100(1/2),"Level Transmitter, Ultrasonic",1001-000-ICS-DWG-JIP-025(8/31),AI,Siemens/E+H,VTA,TBD,VTA,0~1500,mm,1.0,,INSTRUMENT LIST,210,LIT140TK01A,140-TK-01,Level,Condition / Measurement
857,LIT140TK02A,Reagent Mixing Tank 140-TK-02 Level meter,Field,,1001-215-PRO-DWG-JIP-100(1/2),"Level Transmitter, Ultrasonic",1001-000-ICS-DWG-JIP-025(8/31),AI,Siemens/E+H,VTA,TBD,VTA,0~1500,mm,1.0,,INSTRUMENT LIST,210,LIT140TK02A,140-TK-02,Level,Condition / Measurement
858,LIT140TK03A,Reagent Mixing Tank 140-TK-03 Level meter,Field,,1001-215-PRO-DWG-JIP-100(1/2),"Level Transmitter, Ultrasonic",1001-000-ICS-DWG-JIP-025(8/31),AI,Siemens/E+H,VTA,TBD,VTA,0~1500,mm,1.0,,INSTRUMENT LIST,210,LIT140TK03A,140-TK-03,Level,Condition / Measurement
859,LS140PP11,Sump (140-PP-11) Float Switch,Field,,1001-215-PRO-DWG-JIP-100(1/2),Float Switch,1001-000-ICS-DWG-JIP-025(15/24),,TBD,VTA,,,,,1.0,,INSTRUMENT LIST,210,LS140PP11,140-PP-11,,Protection / Interlock
860,LS140CDM01,Frother Storage tank Float Switch,Field,,,Float Switch,1001-000-ICS-DWG-JIP-025(15/24),,TBD,VTA,,,,,1.0,,INSTRUMENT LIST,140,LS140CDM01,140-CDM-01,,Protection / Interlock
861,FSL220PP0102,From Rever to Raw Water Pond Flow Switch,Field,222-105-WRW-SC2-200,1001-222-PRO-DWG-JIP-100,Flow Switch,1001-000-ICS-DWG-JIP-025(10/24),DI,WIKA/IFM,VTA,TBD,0-3,0-3,m/s,1.0,,INSTRUMENT LIST,220,FSL220PP0102,,Flow,Protection / Interlock
862,FSL220PP1718,From Raw Water Pond to Raw Water Tank Flow Switch,Field,222-116-WRW-P10-225,1001-222-PRO-DWG-JIP-100,Flow Switch,1001-000-ICS-DWG-JIP-025(10/24),DI,WIKA/IFM,VTA,TBD,0-3,0-3,m/s,1.0,,INSTRUMENT LIST,220,FSL220PP1718,,Flow,Protection / Interlock
863,PSH220PP0102,From Rever to Raw Water Pond Pressure Switch,Field,222-105-WRW-SC2-200,1001-222-PRO-DWG-JIP-100,Pressure Switch,,DI,WIKA/IFM,VTA,TBD,VTA,0-20,bar,1.0,,INSTRUMENT LIST,220,PSH220PP0102,,Pressure,Protection / Interlock
864,PSH220PP1718,From Raw Water Pond to Raw Water Tank Pressure Switch,Field,222-116-WRW-P10-225,1001-222-PRO-DWG-JIP-100,Pressure Switch,,DI,WIKA/IFM,VTA,TBD,VTA,0-8,bar,1.0,,INSTRUMENT LIST,220,PSH220PP1718,,Pressure,Protection / Interlock
865,PG220PP0102,From Rever to Raw Water Pond Pressure Gauge,Field,222-105-WRW-SC2-200,1001-222-PRO-DWG-JIP-100,Pressure Gauge,"1001-000-ICS-DWG-JIP-025(5/24)
/1001-000-ICS-DWG-JIP-025(17/24)",,WIKA,VTA,,0-10,0-10,bar,1.0,,INSTRUMENT LIST,220,PG220PP0102,,Pressure,Condition / Measurement
866,PG220PP1718,From Raw Water Pond to Raw Water Tank Pressure Gauge,Field,222-116-WRW-P10-225,1001-222-PRO-DWG-JIP-100,Pressure Gauge,"1001-000-ICS-DWG-JIP-025(5/24)
/1001-000-ICS-DWG-JIP-025(17/24)",,WIKA,VTA,,0-10,0-10,bar,1.0,,INSTRUMENT LIST,220,PG220PP1718,,Pressure,Condition / Measurement
867,LIT220PP0102,River Level Transmitter,Field,,1001-222-PRO-DWG-JIP-100,"Level Transmitter, Ultrasonic",1001-000-ICS-DWG-JIP-025(8/31),AI,Siemens/E+H,VTA,TBD,VTA,0~5000,mm,1.0,,INSTRUMENT LIST,220,LIT220PP0102,,Level,Condition / Measurement
868,LIT220PP1718,Raw Water Pond Level Transmitter,Field,,1001-222-PRO-DWG-JIP-100,"Level Transmitter, Ultrasonic",1001-000-ICS-DWG-JIP-025(8/31),AI,Siemens/E+H,VTA,TBD,VTA,0~5000,mm,1.0,,INSTRUMENT LIST,220,LIT220PP1718,,Level,Condition / Measurement
869,LIT220TK01A,Raw Water Tank 220-TK-01 Level meter,Field,,1001-222-PRO-DWG-JIP-100,"Level Transmitter, Ultrasonic",1001-000-ICS-DWG-JIP-025(8/31),AI,Siemens/E+H,VTA,TBD,VTA,0~13500,mm,1.0,,INSTRUMENT LIST,220,LIT220TK01A,220-TK-01,Level,Condition / Measurement
870,PG220PP0304,Raw Water Tank to Process Pressure Gauge,Field,222-014-WRW-SC1-200,1001-222-PRO-DWG-JIP-100,Pressure Gauge,"1001-000-ICS-DWG-JIP-025(5/24)
/1001-000-ICS-DWG-JIP-025(17/24)",,WIKA,VTA,,0-10,0-10,bar,1.0,,INSTRUMENT LIST,220,PG220PP0304,,Pressure,Condition / Measurement
871,FIT220TK01,Raw Water Tank to Process Flowmeter,Field,222-015-WRW-P10-140,1001-222-PRO-DWG-JIP-100,"Flowmeter, Electromagnetic",1001-000-ICS-DWG-JIP-025(7/24),AI,Guanghua in China,VTA,TBD,VTA,0~135,m³/h,1.0,,INSTRUMENT LIST,220,FIT220TK01,220-TK-01,Flow,Condition / Measurement
872,SV220TK02,Filter Water to Fire Water Tank 220-TK-02 Solenoid Valve,Field,--,1001-222-PRO-DWG-JIP-100,Solenoid Valve,,DO,Norgren,VTA,,,,,1.0,,INSTRUMENT LIST,220,SV220TK02,220-TK-02,,Control Element
873,LIT220TK02A,Fire Water Tank 220-TK-02 Level meter,Field,,1001-222-PRO-DWG-JIP-100,"Level Transmitter, Ultrasonic",1001-000-ICS-DWG-JIP-025(8/31),AI,Siemens/E+H,VTA,TBD,VTA,0~8000,mm,1.0,,INSTRUMENT LIST,220,LIT220TK02A,220-TK-02,Level,Condition / Measurement
874,PIT220FPP,Fire Water Ring Main Pressure Transmitter,Field,222-100-WFW-P16-180,1001-222-PRO-DWG-JIP-100,Pressure Transmitter,1001-000-ICS-DWG-JIP-025(6/24),AI,Siemens/E+H,VTA,TBD,VTA,0-12,bar,1.0,,INSTRUMENT LIST,220,PIT220FPP,,Pressure,Condition / Measurement
875,PG220FPP,Fire Water Ring Main Pressure Gauge,Field,222-100-WFW-P16-180,1001-222-PRO-DWG-JIP-100,Pressure Gauge,"1001-000-ICS-DWG-JIP-025(5/24)
/1001-000-ICS-DWG-JIP-025(17/24)",,WIKA,VTA,,0-10,0-10,bar,1.0,,INSTRUMENT LIST,220,PG220FPP,,Pressure,Condition / Measurement
876,VG220PP01,Vacuum Gauge on the Inlet Pipe of Water Supply Pump(220-PP-01),Field,222-101-WRW-SC2-250,1001-222-PRO-DWG-JIP-100,Vacuum Gauge,1001-000-ICS-DWG-JIP-025(5/24),,WIKA,VTA,,-1~5,-1~6,bar,1.0,,INSTRUMENT LIST,220,VG220PP01,220-PP-01,,Condition / Measurement
877,VG220PP02,Vacuum Gauge on the Inlet Pipe of Water Supply Pump(220-PP-02),Field,222-102-WRW-SC2-250,1001-222-PRO-DWG-JIP-100,Vacuum Gauge,1001-000-ICS-DWG-JIP-025(5/24),,WIKA,VTA,,-1~5,-1~6,bar,1.0,,INSTRUMENT LIST,220,VG220PP02,220-PP-02,,Condition / Measurement
878,VG220PP17,Vacuum Gauge on the Inlet Pipe of Water Supply Pump(220-PP-17),Field,222-111-WRW-SC1-250,1001-222-PRO-DWG-JIP-100,Vacuum Gauge,1001-000-ICS-DWG-JIP-025(5/24),,WIKA,VTA,,-1~5,-1~6,bar,1.0,,INSTRUMENT LIST,220,VG220PP17,220-PP-17,,Condition / Measurement
879,VG220PP18,Vacuum Gauge on the Inlet Pipe of Water Supply Pump(220-PP-18),Field,222-112-WRW-SC1-250,1001-222-PRO-DWG-JIP-100,Vacuum Gauge,1001-000-ICS-DWG-JIP-025(5/24),,WIKA,VTA,,-1~5,-1~6,bar,1.0,,INSTRUMENT LIST,220,VG220PP18,220-PP-18,,Condition / Measurement
880,FSL220PP0809,From Polishing Pond to Process Water Tank 220-TK-03 Flow Switch,Field,223-005-WPR-P10-225,1001-223-PRO-DWG-JIP-100,Flow Switch,1001-000-ICS-DWG-JIP-025(10/24),DI,WIKA/IFM,VTA,TBD,0-3,0-3,m/s,1.0,,INSTRUMENT LIST,220,FSL220PP0809,220-TK-03,Flow,Protection / Interlock
881,PSH220PP0809,From Polishing Pond to Process Water Tank 220-TK-03 Pressure Switch,Field,223-005-WPR-P10-225,1001-223-PRO-DWG-JIP-100,Pressure Switch,,DI,WIKA/IFM,VTA,TBD,VTA,0-5.5,bar,1.0,,INSTRUMENT LIST,220,PSH220PP0809,220-TK-03,Pressure,Protection / Interlock
882,LIT220PP0809,Polishing Pond Level Transmitter,Field,,1001-223-PRO-DWG-JIP-100,"Level Transmitter, Ultrasonic",1001-000-ICS-DWG-JIP-025(8/31),AI,Siemens/E+H,VTA,TBD,VTA,0~5000,mm,1.0,,INSTRUMENT LIST,220,LIT220PP0809,,Level,Condition / Measurement
883,LIT220TK03A,Process Water Tank 220-TK-03 Level meter,Field,,1001-223-PRO-DWG-JIP-100,"Level Transmitter, Ultrasonic",1001-000-ICS-DWG-JIP-025(8/31),AI,Siemens/E+H,VTA,TBD,VTA,0~15500,mm,1.0,,INSTRUMENT LIST,220,LIT220TK03A,220-TK-03,Level,Condition / Measurement
884,PG220PPAA,Process Water Tank 220-TK-03 to Process Pressure Gauge,Field,223-007-WPR-SC1-350,1001-223-PRO-DWG-JIP-100,Pressure Gauge,"1001-000-ICS-DWG-JIP-025(5/24)
/1001-000-ICS-DWG-JIP-025(17/24)",,WIKA,VTA,,0-10,0-10,bar,1.0,,INSTRUMENT LIST,220,PG220PPAA,220-TK-03,Pressure,Condition / Measurement
885,PG220PP0809,From Polishing Pond to Process Water Tank 220-TK-03 Pressure Switch,Field,223-005-WPR-P10-225,1001-223-PRO-DWG-JIP-100,Pressure Gauge,"1001-000-ICS-DWG-JIP-025(5/24)
/1001-000-ICS-DWG-JIP-025(17/24)",,WIKA,VTA,,0-10,0-10,bar,1.0,,INSTRUMENT LIST,220,PG220PP0809,220-TK-03,Pressure,Condition / Measurement
886,VG220PP08,Vacuum Gauge on the Inlet Pipe of Water Supply Pump(220-PP-08),Field,--,1001-223-PRO-DWG-JIP-100,Vacuum Gauge,1001-000-ICS-DWG-JIP-025(5/24),,WIKA,VTA,,-1~5,-1~6,bar,1.0,,INSTRUMENT LIST,220,VG220PP08,220-PP-08,,Condition / Measurement
887,VG220PP09,Vacuum Gauge on the Inlet Pipe of Water Supply Pump(220-PP-09),Field,--,1001-223-PRO-DWG-JIP-100,Vacuum Gauge,1001-000-ICS-DWG-JIP-025(5/24),,WIKA,VTA,,-1~5,-1~6,bar,1.0,,INSTRUMENT LIST,220,VG220PP09,220-PP-09,,Condition / Measurement
888,LIT220TK04A,Filtered Water Tank 220-TK-04 Level Meter,Field,,1001-229-PRO-DWG-JIP-100(1/2),"Level Transmitter, Ultrasonic",1001-000-ICS-DWG-JIP-025(8/31),AI,Siemens/E+H,VTA,TBD,VTA,0~8500,mm,1.0,,INSTRUMENT LIST,220,LIT220TK04A,220-TK-04,Level,Condition / Measurement
889,LIT220TK05A,Hypochlorite Tank 220-TK-05 Level Meter,Field,,1001-229-PRO-DWG-JIP-100(1/2),"Level Transmitter, Ultrasonic",1001-000-ICS-DWG-JIP-025(8/31),AI,Siemens/E+H,VTA,TBD,VTA,0~1000,mm,1.0,,INSTRUMENT LIST,220,LIT220TK05A,220-TK-05,Level,Condition / Measurement
890,LIT220TK06A,Treated Water Tank 220-TK-06 Level Meter,Field,,1001-229-PRO-DWG-JIP-100(1/2),"Level Transmitter, Ultrasonic",1001-000-ICS-DWG-JIP-025(8/31),AI,Siemens/E+H,VTA,TBD,VTA,0~2500,mm,1.0,,INSTRUMENT LIST,220,LIT220TK06A,220-TK-06,Level,Condition / Measurement
891,SV220TK04,Filtered Water Tank 220-TK-04 Water Makeup Solenoid Valve,Field,--,1001-229-PRO-DWG-JIP-100(1/2),Solenoid Valve,,DO,Norgren,VTA,,,,,1.0,,INSTRUMENT LIST,220,SV220TK04,220-TK-04,,Control Element
892,SV220TK06,Treated Water Tank 220-TK-06 Water Makeup Solenoid Valve,Field,-,1001-229-PRO-DWG-JIP-100(1/2),Solenoid Valve,,DO,Norgren,VTA,,,,,1.0,,INSTRUMENT LIST,220,SV220TK06,220-TK-06,,Control Element
893,PG220PPAB,Filtered Water Tank 220-TK-04 to Process Pressure Gauge,Field,229-006-WFL-SG1-200,1001-229-PRO-DWG-JIP-100(1/2),Pressure Gauge,"1001-000-ICS-DWG-JIP-025(5/24)
/1001-000-ICS-DWG-JIP-025(17/24)",,WIKA,VTA,,0-10,0-10,bar,1.0,,INSTRUMENT LIST,220,PG220PPAB,220-TK-04,Pressure,Condition / Measurement
894,PG220PPB,Treated Water Tank 220-TK-06 Discharge Pressure Gauge,Field,229-011-WTR-SG1-80,1001-229-PRO-DWG-JIP-100(1/2),Pressure Gauge,"1001-000-ICS-DWG-JIP-025(5/24)
/1001-000-ICS-DWG-JIP-025(17/24)",,WIKA,VTA,,0-10,0-10,bar,1.0,,INSTRUMENT LIST,220,PG220PPB,220-TK-06,Pressure,Condition / Measurement
895,PIT220PPC,Treated Water Tank 220-TK-06 Discharge Pressure Transmitter,Field,229-013-WTR-SG1-80,1001-229-PRO-DWG-JIP-100(1/2),Pressure Transmitter,1001-000-ICS-DWG-JIP-025(6/24),AI,Siemens/E+H,VTA,TBD,VTA,0-6,bar,1.0,,INSTRUMENT LIST,220,PIT220PPC,220-TK-06,Pressure,Condition / Measurement
896,PIT130ML01,Mill Cooling Tower Supply Water Pressure Transmitter,Field,229-006-WCW-SC1-150,1001-229-PRO-DWG-JIP-100(2/2),Pressure Transmitter,1001-000-ICS-DWG-JIP-025(6/24),AI,Siemens/E+H,VTA,TBD,VTA,0-5,bar,1.0,,INSTRUMENT LIST,220,PIT130ML01,130-ML-01,Pressure,Condition / Measurement
897,TIT130ML01,Mill Cooling Tower Supply Water Temperature Transmitter,Field,229-006-WCW-SC1-150,1001-229-PRO-DWG-JIP-100(2/2),Temperature Transmitter,1001-000-ICS-DWG-JIP-025(24/24),AI,Siemens/E+H,VTA,TBD,0-150,0-30,°C,1.0,,INSTRUMENT LIST,220,TIT130ML01,130-ML-01,Temperature,Condition / Measurement
898,PIT240OP01A,Public Cooling Tower Supply Water Pressure Transmitter,Field,229-012-WCW-SC1-150,1001-229-PRO-DWG-JIP-100(2/2),Pressure Transmitter,1001-000-ICS-DWG-JIP-025(6/24),AI,Siemens/E+H,VTA,TBD,VTA,0-5,bar,1.0,,INSTRUMENT LIST,220,PIT240OP01A,240-OP-01,Pressure,Condition / Measurement
899,TIT240OP01,Public Cooling Tower Supply Water Temperature Transmitter,Field,229-012-WCW-SC1-150,1001-229-PRO-DWG-JIP-100(2/2),Temperature Transmitter,1001-000-ICS-DWG-JIP-025(6/24),AI,Siemens/E+H,VTA,TBD,0-150,0-30,°C,1.0,,INSTRUMENT LIST,220,TIT240OP01,240-OP-01,Temperature,Condition / Measurement
900,PIT240AR01,Grinding Area Air Receiver Outlet Pressure Transmitter,Field,240-016-AHP-SC1-200,1001-240-RPO-DWG-JIP-100(1/3),Pressure Transmitter,1001-000-ICS-DWG-JIP-025(6/24),AI,Siemens/E+H,VTA,TBD,VTA,0-5,bar,1.0,,INSTRUMENT LIST,240,PIT240AR01,240-AR-01,Pressure,Condition / Measurement
901,PIT240AR02,CIL & Plant Service Air Receiver Outlet Pressure Transmitter,Field,240-017-AHP-SS2-80,1001-240-RPO-DWG-JIP-100(1/3),Pressure Transmitter,1001-000-ICS-DWG-JIP-025(6/24),AI,Siemens/E+H,VTA,TBD,VTA,0-8,bar,1.0,,INSTRUMENT LIST,240,PIT240AR02,240-AR-02,Pressure,Condition / Measurement
902,FIT240OP01,Oxygen Plant Supply Oxygen Flow meter,Field,240-001-AOX-SS2-100,1001-240-RPO-DWG-JIP-100(2/3),Flowmeter,YK06.2-26(Chinese Standard),AI,E+H,VTA,,VTA,0-180,Nm³/h,1.0,,INSTRUMENT LIST,240,FIT240OP01,240-OP-01,Flow,Condition / Measurement
903,PIT240OP01B,Oxygen Plant Supply Oxygen Pressure Transmitter,Field,240-001-AOX-SS2-100,1001-240-RPO-DWG-JIP-100(2/3),Pressure Transmitter,1001-000-ICS-DWG-JIP-025(6/24),AI,Siemens/E+H,VTA,TBD,VTA,0-5,bar,1.0,,INSTRUMENT LIST,240,PIT240OP01B,240-OP-01,Pressure,Condition / Measurement
904,TIT240BWR01B,Blower 1 Outlet Temperature Transmitter,Field,240-001-ALP-SC1-400,1001-240-RPO-DWG-JIP-100(3/3),Temperature Transmitter,1001-000-ICS-DWG-JIP-025(24/24),AI,Siemens/E+H,VTA,TBD,0-150,0-50,°C,1.0,,INSTRUMENT LIST,240,TIT240BWR01B,240-BWR-01,Temperature,Condition / Measurement
905,TIT240BWR02B,Blower 2 Outlet Temperature Transmitter,Field,240-002-ALP-SC1-400,1001-240-RPO-DWG-JIP-100(3/3),Temperature Transmitter,1001-000-ICS-DWG-JIP-025(24/24),AI,Siemens/E+H,VTA,TBD,0-150,0-50,°C,1.0,,INSTRUMENT LIST,240,TIT240BWR02B,240-BWR-02,Temperature,Condition / Measurement
906,PIT240BWR01,Blower 1 Outlet Pressure Transmitter,Field,240-001-ALP-SC1-400,1001-240-RPO-DWG-JIP-100(3/3),Pressure Transmitter,1001-000-ICS-DWG-JIP-025(6/24),AI,Siemens/E+H,VTA,TBD,VTA,0-0.49,bar,1.0,,INSTRUMENT LIST,240,PIT240BWR01,240-BWR-01,Pressure,Condition / Measurement
907,PIT240BWR02,Blower 2 Outlet Pressure Transmitter,Field,240-002-ALP-SC1-400,1001-240-RPO-DWG-JIP-100(3/3),Pressure Transmitter,1001-000-ICS-DWG-JIP-025(6/24),AI,Siemens/E+H,VTA,TBD,VTA,0-0.49,bar,1.0,,INSTRUMENT LIST,240,PIT240BWR02,240-BWR-02,Pressure,Condition / Measurement
908,XV240BWR01,Blower 1 Exhaust On/Off Valve,Field,--,1001-240-RPO-DWG-JIP-100(3/3),On/Off Valve,1001-000-ICS-DWG-JIP-025(4/24),DO,ShangPinKeJi,VTA,,,,,1.0,,INSTRUMENT LIST,240,XV240BWR01,240-BWR-01,,Control Element
909,XV240BWR02,Blower 2 Exhaust On/Off Valve,Field,--,1001-240-RPO-DWG-JIP-100(3/3),On/Off Valve,1001-000-ICS-DWG-JIP-025(4/24),DO,ShangPinKeJi,VTA,,,,,1.0,,INSTRUMENT LIST,240,XV240BWR02,240-BWR-02,,Control Element
910,TG250TK01,Diesel Fuel Tank Temperature Gauge,Field,,1001-250-PRO-DWG-JIP-100,Temperature Gauge,,,WIKA,VTA,,0-150,0-30,°C,1.0,,INSTRUMENT LIST,250,TG250TK01,250-TK-01,Temperature,Condition / Measurement
911,LlT250TK01,Diesel Fuel Tank Level meter,Field,,1001-250-PRO-DWG-JIP-100,"Level Transmitter, Magnetic",1001-155-ICS-DWG-JIP-226,AI,Siemens/E+H,VTA,,VTA,0-1600,mm,1.0,,INSTRUMENT LIST,250,LLT250TK01,250-TK-01,Level,Condition / Measurement
912,FIQ250FM01,Diesel Fuel total Flow,Field,250-001-ODI-SC3-80,1001-250-PRO-DWG-JIP-100,Flow Gauge,YK06.2-5(Chinese Standard),,"Krohne
科隆",VTA,,VTA,VTA,m³/h,1.0,,INSTRUMENT LIST,250,FIQ250FM01,250-FM-01,Flow,Condition / Measurement
